study	author	genotype	nRefHom	nNonRefHom	nHets	nMissing	nSingletons	nSites	avgDepth
hmp2	cshl2012	BKN009	136328929	6428306	1641166	102356377	104038	246754778	2.401987259188959
hmp2	cshl2012	BKN014	136914963	6414079	1750324	101655910	68399	246735276	2.483062535816727
hmp2	cshl2012	BKN015	137991416	5839583	1740609	101228638	64429	246800246	2.4079310950119557
hmp2	cshl2012	BKN016	136882521	6289153	1641605	101962813	33461	246776092	2.402794761819958
hmp2	cshl2012	CAUMO17	141526620	5225349	1364236	98783948	13891	246900153	2.7815274075589578
hmp2	cshl2012	OH43	167196025	7141288	3210782	68883455	31536	246431550	7.981286172975822
hmp2	cshl2012	TDD39103	17915934	1983	62	229865265	49	247783244	1.9691814180945988
hmp2	cshl2012	TIL15	115583615	7964872	2168899	120762141	61374	246479527	2.116844230230935
hmp2	cshl2012	TIL25	121485185	9579915	2545238	112514499	50934	246124837	3.05152567434712
hmp2	cshl2012	W64A	158779981	6481047	2774615	78583565	41117	246619208	6.697531191082246
gem31	german2014	B73	213119937	17052	215749	34400752	1211	247753490	7.670815138870496
gem31	german2014	CH10	158444482	8689131	4784267	74248371	78302	246166251	8.429581194702438
gem31	german2014	D06	149503812	6531100	3333113	87181814	20377	246549839	7.143847217032659
gem31	german2014	D09	161962748	7101375	3480433	73922652	22827	246467208	6.727332074942805
gem31	german2014	D152	151265690	7863667	3701784	83515914	31523	246347055	6.3227880288644
gem31	german2014	DK105	180336686	9904623	8150218	47429544	192633	245821071	28.0714323797735
gem31	german2014	EC169	176079859	4903789	2391005	63509631	15502	246884284	6.450308158942997
gem31	german2014	EC49A	155518155	7999354	3988435	78796632	76720	246302576	7.6186045877977335
gem31	german2014	EP1	176426496	9123902	7468848	52878791	173303	245898037	20.1271290006272
gem31	german2014	EP44	151763118	8156142	3335965	83076313	118637	246331538	5.208516491298812
gem31	german2014	EZ5	151030427	7671898	2856321	84891036	114649	246449682	3.862288022753464
gem31	german2014	F03802	164266336	8157950	3832256	70019754	40719	246276296	6.0116158609109505
gem31	german2014	F2	164953066	9084166	4514208	67581877	64857	246133317	7.539493182062793
gem31	german2014	F252	169490150	7539848	4424360	64838481	42180	246292839	8.1534107855243
gem31	german2014	F283	182765093	9057830	5995352	48143072	57146	245961347	9.996174679430423
gem31	german2014	F353	189531992	8071322	5751636	42755826	44815	246110776	12.119371908770058
gem31	german2014	F618	157415265	5812871	2761819	80698771	22340	246688726	5.063722537932277
gem31	german2014	F64	149474744	7774273	3615973	85485116	97135	246350106	6.354272667128464
gem31	german2014	F7	178586100	8734777	7704164	50898291	110649	245923332	20.923768347039147
gem31	german2014	F98902	180636754	3485293	3439168	59355129	9411	246916344	6.618857789745987
gem31	german2014	FF0721H-7	149864174	8037146	3654740	84776969	60077	246333029	6.023270447829389
gem31	german2014	Lo11	150694946	7922683	3422628	84305200	92122	246345457	5.428412226412602
gem31	german2014	Mo17	160971949	7271929	3536084	74651066	18892	246431028	6.399347394679537
gem31	german2014	PH207	179997349	8372434	5713710	52092499	55285	246175992	21.594316737433925
gem31	german2014	Teosinte	140419053	7911619	10174345	86979935	1597359	245484952	5.640333865352366
gem31	german2014	UH006	156341474	8206161	3438871	78342274	26873	246328780	5.026239173108396
gem31	german2014	UH007	167973064	9051558	4544519	64548822	41452	246117963	7.434924660497048
gem31	german2014	UH009	162302313	7800397	4724494	71410564	45559	246237768	5.461337195031755
gem31	german2014	UH250	171330809	5983844	4480099	64662958	30727	246457710	7.28357678767688
gem31	german2014	UH304	159519199	6460693	3733647	76775619	16395	246489158	6.165575314675706
gem31	german2014	W117	155845548	7330629	3461875	79786343	38284	246424395	6.609863852562163
m282	cornell2017	38-11Goodman-Buckler	180740952	8361714	6965715	50120043	91466	246188424	8.714539953348904
m282	cornell2017	4226	174250864	7611285	4273348	60396955	51700	246532452	4.577099515888481
m282	cornell2017	4722	172856772	8833245	6039588	58479165	109878	246208770	5.576637310279403
m282	cornell2017	A188	164171451	6969871	3554880	71977541	50048	246673743	3.3181352183884445
m282	cornell2017	A214NGoodman-Buckler	167800091	5603755	3517131	69974122	170308	246895099	3.450484481670493
m282	cornell2017	A239	180192149	8190549	6201193	51652585	78878	246236476	6.618427774689239
m282	cornell2017	A441-5	174838495	8533769	6232360	56612474	171729	246217098	5.356793414484968
m282	cornell2017	A619	170870872	7426872	4379866	63839306	28138	246516916	4.155259968042112
m282	cornell2017	A632	188472970	5772881	3365012	49134947	14213	246745810	4.796949811224758
m282	cornell2017	A634	176736442	4861786	3830609	61495491	60575	246924328	4.160391553237314
m282	cornell2017	A635	180926908	4461278	3122851	58477212	49565	246988249	3.6593924425934934
m282	cornell2017	A641	184769791	7075858	5269218	49330396	64075	246445263	6.005035474347908
m282	cornell2017	A654	168682035	7828725	5366789	64557301	96957	246434850	4.734296677194804
m282	cornell2017	A659	161374425	6470158	3944972	74953020	76463	246742575	3.4432398462243494
m282	cornell2017	A679	224261377	1324972	1688430	20155989	23393	247430768	5.381842254961598
m282	cornell2017	A680	227171869	536522	665532	19263064	15776	247636987	4.776228349119753
m282	cornell2017	A682	168294284	5938428	5643362	66788833	90621	246664907	3.7851751850537863
m282	cornell2017	B103	173189996	6637472	3978133	62839511	25411	246645112	4.0213800174560115
m282	cornell2017	B109	217915121	1350795	1394799	26857060	42052	247517775	4.985696958935575
m282	cornell2017	B14A	183792692	4021584	3063471	56166550	43047	247044297	4.0193753373711765
m282	cornell2017	B37	179669480	6269846	4161853	56607777	42573	246708956	4.140116677807189
m282	cornell2017	B46	167057729	5840308	3423906	70482936	36226	246804879	3.2033007212146725
m282	cornell2017	B57	189334921	10392317	11414217	34463917	171651	245605372	25.13884861891376
m282	cornell2017	B64	181064322	5765763	2697343	57288812	18338	246816240	3.721949310142639
m282	cornell2017	B68	177751461	5286248	3576104	60261173	35886	246874986	3.8207946012805043
m282	cornell2017	B73	231446962	11888	212964	16091307	10769	247763121	4.266010860026259
m282	cornell2017	B73Htrhm	233761518	51051	350173	13583901	15722	247746643	5.108490571555393
m282	cornell2017	B76	180790313	6405968	3393829	56121884	22264	246711994	3.9974997814658333
m282	cornell2017	B79	181635093	7716438	6075893	50906107	75199	246333531	6.497011167756939
m282	cornell2017	B84	199832081	4405613	3724813	38963078	46186	246925585	6.165670276330418
m282	cornell2017	B97	186097920	8956061	7017035	43993364	56428	246064380	9.482686460754701
m282	cornell2017	C103	160562263	6377630	5157048	74588844	100890	246685785	3.9548323933622687
m282	cornell2017	C123	171935334	8129948	5289913	61008907	69453	246364102	4.91567553904424
m282	cornell2017	CH9	172371321	7270615	4731763	62131702	72254	246505401	4.376726293717191
m282	cornell2017	CI187-2	179939129	6823459	5259406	54593020	52900	246615014	6.774930765569691
m282	cornell2017	CI21E	164462786	5525944	3639345	73268825	86136	246896900	3.4940708494112322
m282	cornell2017	CI3A	167421171	6581382	3621718	69131932	60460	246756203	3.762026657542627
m282	cornell2017	CI64	167036699	7273118	4511666	67798884	105307	246620367	4.182323292463513
m282	cornell2017	CI66	172452117	7218483	4006801	62940370	70311	246617771	4.321058746411263
m282	cornell2017	Ci7Goodman-Buckler	155492917	6085160	3711262	81562647	97449	246851986	3.0437080498108693
m282	cornell2017	Ci91BGoodman-Buckler	164670613	5490551	3757627	72984755	110782	246903546	3.2447794913403145
m282	cornell2017	CM105	181319573	5911491	4174324	55323464	54118	246728852	4.7793345291453795
m282	cornell2017	CM174	185370679	5542698	2123948	53773889	7838	246811214	3.6175307549032194
m282	cornell2017	CM37	162816457	6104523	3188660	74739428	42242	246849068	3.1453377847065642
m282	cornell2017	CM7	167163728	7706636	5314694	66306372	127388	246491430	4.330095453217177
m282	cornell2017	CML103	174159482	9059454	7128160	55812027	127484	246159123	7.15726123260522
m282	cornell2017	CML108	167743809	7460865	4581787	66806510	123960	246592971	4.608847308952695
m282	cornell2017	CML14	160118544	7952565	5138090	73291420	214076	246500619	3.9557033526151106
m282	cornell2017	CML157Q	159073064	7921005	4755847	74710853	189885	246460769	3.4685215292824148
m282	cornell2017	CML158Q	171909297	8754023	6167160	59417498	201123	246247978	5.207967452630211
m282	cornell2017	CML220	156505276	7512971	4644005	77914427	224880	246576679	3.3452454816296715
m282	cornell2017	CML228	161926558	7702917	4637016	72225400	79560	246491891	3.684656174754244
m282	cornell2017	CML247	161968099	8013742	4626929	71878879	81420	246487649	3.659607388279321
m282	cornell2017	CML254	161184979	7805795	5058000	72481833	214532	246530607	3.8906036279706235
m282	cornell2017	CML264	154537684	7709278	4775617	79520454	215879	246543033	3.3609169495371622
m282	cornell2017	CML277	168338510	8216508	4295268	65560398	56901	246410684	3.8018983296195064
m282	cornell2017	CML281	167824607	8516179	5589129	64405337	202018	246335252	4.356769252011077
m282	cornell2017	CML311	172335424	9452214	7115976	57136584	192361	246040198	6.2884185815035
m282	cornell2017	CML314	166488760	8204023	5841180	65861900	222665	246395863	4.389923885613291
m282	cornell2017	CML322	152271806	6756008	3866941	83852952	88840	246747707	2.966906265921247
m282	cornell2017	CML323	156479572	7503788	4846743	77774344	203760	246604447	3.5172233889196654
m282	cornell2017	CML328	169667649	8959357	5670213	61930032	194684	246227251	4.572426268934789
m282	cornell2017	CML331	178637846	9411994	8174219	49719904	191884	245943963	7.74170553639489
m282	cornell2017	CML333	169782995	7824170	4029169	64825930	44507	246462264	3.947295832679684
m282	cornell2017	CML38	153818153	7477826	5244196	80102157	221009	246642332	4.0276707357762085
m282	cornell2017	CML45	158280595	7210176	4005910	77132036	114601	246628717	3.395775658598589
m282	cornell2017	CML5	154907624	7473912	4806787	79439428	225110	246627751	3.5551953802635943
m282	cornell2017	CML52	169365624	8083935	5644066	63268996	116352	246362621	4.556405636713858
m282	cornell2017	CML61	161507791	7988923	4926132	72050004	186513	246472850	3.7466645547369617
m282	cornell2017	CML69	164304702	7711620	4585742	69913441	47351	246515505	3.962113256932865
m282	cornell2017	CML77	173100933	8950050	6489083	57626399	243525	246166465	5.442473767090899
m282	cornell2017	CML91	168806906	8012861	5265471	64327856	146847	246413094	4.900070502341081
m282	cornell2017	CML92	161434927	6617993	3238221	75464798	95948	246755939	3.1087339952535045
m282	cornell2017	CO106	173470275	7610858	4885440	60525536	88973	246492109	4.9329235655166555
m282	cornell2017	CO125	171929629	7468127	4678953	62481325	73020	246558034	4.698493063097673
m282	cornell2017	CO255	175182021	9385196	7974237	53466056	183621	246007510	8.082288996380639
m282	cornell2017	D940Y	173073525	7829032	5846238	59603584	109589	246352379	5.247366159593693
m282	cornell2017	DE-2	172511108	6887337	4604505	62601392	61913	246604342	4.262496380132674
m282	cornell2017	DE1	174943673	7682698	5017087	58812274	62512	246455732	4.9389084405632735
m282	cornell2017	DE811	166008974	4917656	3030082	73044476	38760	247001188	3.0358626935025104
m282	cornell2017	F2834T	153607607	7102663	4451951	81515217	170901	246677438	3.1997343680859864
m282	cornell2017	F44	176119788	7569788	2666733	60138723	38946	246495032	3.830341681693609
m282	cornell2017	F6	172080289	8626129	6418978	59128446	156889	246253842	5.3067061333402465
m282	cornell2017	F7	164961346	8327587	4532649	68602792	68515	246424374	3.8668297187193015
m282	cornell2017	GA209	164836388	7543195	5154543	68965396	139273	246499522	3.999570725739582
m282	cornell2017	H105W	167798426	5256382	3759295	70110112	91378	246924215	3.609705471373069
m282	cornell2017	H49	171776732	6591889	3899933	64390697	32671	246659251	3.8991820655451512
m282	cornell2017	H84	171451437	5562469	3349022	66513459	44981	246876387	3.4178865777876117
m282	cornell2017	H91	189822788	4865644	3462914	48711871	17811	246863217	5.058224948109625
m282	cornell2017	H95	176357294	8123421	5615795	56225031	83762	246321541	5.693957741600845
m282	cornell2017	H99	159755006	6339112	4011322	76678222	68703	246783662	3.2450398689683113
m282	cornell2017	Hi27Goodman-Buckler	160643188	6903627	4434199	74679444	177513	246660458	3.380161362953441
m282	cornell2017	HP301	171586690	8456514	5739985	60512083	56044	246295272	5.159102572216652
m282	cornell2017	I137TN	159074544	7397968	4529767	75586274	156102	246588553	3.357702949414688
m282	cornell2017	i1677a	157927762	6753781	4231215	77873658	120506	246786416	4.347444528713444
m282	cornell2017	I205	159309135	4784369	2586592	80410750	28761	247090846	3.2454393446044536
m282	cornell2017	I29	168235643	8493678	5440378	64158512	272948	246328211	4.481562604698981
m282	cornell2017	Ia5125	169020959	7509665	4609675	65382983	88529	246523282	4.2554235648217595
m282	cornell2017	IDS69	172754041	8265465	4619194	60731393	32623	246370093	4.360179560430656
m282	cornell2017	IDS91	172532874	8197251	4625702	61024971	33599	246380798	4.336863364652306
m282	cornell2017	Il101	150443198	7012299	3780757	85501851	93109	246738105	2.9186049836120773
m282	cornell2017	Il14H	167248448	8312425	5024143	65798775	69164	246383791	4.282215018357275
m282	cornell2017	ILLHy	181202070	6362689	4309901	54764456	57572	246639116	4.878661021068532
m282	cornell2017	K4	172555888	7114901	4197817	62690644	63497	246559250	4.1107929161043435
m282	cornell2017	Ki11	169453851	8357519	3882916	64701618	45450	246395904	3.7522992776698105
m282	cornell2017	Ki21	174246464	8329572	4309246	59504009	38596	246389291	4.759993771401372
m282	cornell2017	KI3	175166587	8386272	3187028	59611666	29622	246351553	4.194440748258648
m282	cornell2017	Ki43	168240929	8070368	4986769	65114126	145859	246412192	4.511480044786095
m282	cornell2017	Ki44	152770844	7181568	4083082	82634884	171396	246670378	3.0128449849782934
m282	cornell2017	Ky21	172011389	6968905	4324747	63267786	56904	246572827	3.9847158478659126
m282	cornell2017	KY228	174418992	8097071	5322849	58520415	92620	246359327	5.312163349106729
m282	cornell2017	L578	165629446	7123423	5042186	68782386	76772	246577441	4.292606530457099
m282	cornell2017	M14	167240455	6682724	4366105	68372743	91506	246662027	3.993803723586525
m282	cornell2017	M162W	171046355	8288066	4883460	62137162	48361	246355043	4.372734994509529
m282	cornell2017	M37W	168092124	7512081	3873527	67038652	37262	246516384	3.5084680517624336
m282	cornell2017	MEF156-55-2	174425911	8628456	5461124	57785917	97522	246301408	5.470711986348044
m282	cornell2017	Mo17	172537651	7913073	4837077	61132875	25438	246420676	4.525559988724323
m282	cornell2017	Mo18W	153685094	6474309	3454369	83191447	60221	246805219	3.096232612487826
m282	cornell2017	MO1W	165988460	6987002	4111982	69519446	51649	246606890	3.522538313913289
m282	cornell2017	Mo24W	152506546	5320613	2955750	86272301	58009	247055210	2.9390271668425854
m282	cornell2017	Mo46	162677107	6670065	4256891	73139184	85002	246743247	3.5528732999124393
m282	cornell2017	Mo47	169738686	7169106	4945098	64727779	147164	246580669	4.372355510155583
m282	cornell2017	MoG	161490755	6794753	3659888	74753298	56006	246698694	3.2510599026519373
m282	cornell2017	Mp339	167422404	7138659	4047820	67998858	90091	246607741	3.7462407873076455
m282	cornell2017	MS1334	174794705	8054764	5507778	58005480	98738	246362727	5.53198059298962
m282	cornell2017	Ms71	188118092	9863807	9595117	38240994	76946	245818010	16.12294415246466
m282	cornell2017	Mt42	175616832	8346682	5599379	56748762	81235	246311655	5.54570798283987
m282	cornell2017	N192	214341811	1883276	1816277	29346596	17590	247387960	4.74867040861649
m282	cornell2017	N6	178124499	8463396	6488475	53208270	123767	246284640	6.637957934770109
m282	cornell2017	NC222	172238094	8093495	5562037	60459692	117978	246353318	4.650268137650981
m282	cornell2017	NC230	169385082	7137102	4643906	65431184	70521	246597274	4.414775250516354
m282	cornell2017	NC236	159018056	6327254	3771917	77662476	90596	246779703	3.0790247693101405
m282	cornell2017	NC250	173162670	6576506	3640683	63362294	49584	246742153	3.802730333231712
m282	cornell2017	NC258	172216722	7774313	5298038	61098166	73465	246387239	4.854402309366355
m282	cornell2017	NC260	173535110	7315289	4371729	61291359	50528	246513487	4.38688354523986
m282	cornell2017	NC262	174966842	8330433	6923307	56023789	92855	246244371	6.295160664200522
m282	cornell2017	NC264	165804495	8201629	5284217	67103859	139137	246394200	4.054126470103598
m282	cornell2017	NC294	191647687	2893151	2354791	50411860	42283	247307489	3.677140604100347
m282	cornell2017	NC296	167609576	7599458	4361443	66987137	53453	246557614	4.15696139767154
m282	cornell2017	NC296A	137400622	5123900	2827557	101751535	56917	247103614	2.779614282776131
m282	cornell2017	NC302	169005668	7750636	4802218	64965235	84240	246523757	4.854049695502572
m282	cornell2017	NC306	205730952	2979029	2496232	36052814	32903	247259027	5.0013361174473925
m282	cornell2017	NC310	218438192	1763649	1673405	25609482	15789	247484728	5.477188450998075
m282	cornell2017	NC314	183767153	3950088	3403956	56006806	69289	247128003	3.880356239919925
m282	cornell2017	NC318	149475554	6868297	4069874	86311329	122166	246725054	2.95768470112484
m282	cornell2017	NC324	181246498	4660895	3049977	58087937	38709	247045307	3.5794599142091776
m282	cornell2017	NC326	233783758	530823	686855	12656694	10705	247658130	5.275176275053034
m282	cornell2017	NC328	225137241	1456155	1361185	19563478	12508	247518059	5.53284142713805
m282	cornell2017	NC33	166663509	7973647	5527163	66264760	145069	246429079	4.378493633456301
m282	cornell2017	NC336	158943029	7513900	4281630	75804126	60581	246542685	3.303757283652524
m282	cornell2017	NC338	171051176	8358059	5346817	61568373	109507	246324425	4.769812051728122
m282	cornell2017	NC340	167391621	8682523	5583064	64636829	210979	246294037	4.353282988333168
m282	cornell2017	NC346	172431476	8468072	5038050	60407619	58550	246345217	5.09604343647557
m282	cornell2017	NC348	168027990	8093732	4884056	65456210	88700	246461988	4.345072838169268
m282	cornell2017	NC350	169305181	7832695	4977742	64322070	54349	246437688	4.117451768984296
m282	cornell2017	NC352	165570184	7294932	3756763	69993551	48663	246615430	3.691146913232477
m282	cornell2017	NC354	162727596	7907679	4902784	70924732	129179	246462791	3.667489102645113
m282	cornell2017	NC356	165457104	7714991	4238082	69118952	96518	246529129	3.9963068802307737
m282	cornell2017	NC358	162956309	7334935	4026789	72269759	53798	246587792	3.4577614661475216
m282	cornell2017	NC360	161852134	7019798	3640533	74183977	60321	246696442	3.3028414572756586
m282	cornell2017	NC362	167654505	7489823	4692334	66763789	73474	246600451	4.812252131282599
m282	cornell2017	NC364	169861787	7342853	4056723	65343947	56445	246605310	4.105676751242704
m282	cornell2017	NC366	162096421	6917510	3997014	73663423	101491	246674368	3.497007096821669
m282	cornell2017	NC368	190899513	3076612	2459989	50825271	52581	247261385	3.7686605112237808
m282	cornell2017	Oh40B	172538409	7937868	4662980	61275665	51445	246414922	4.342047813565446
m282	cornell2017	Oh43	180965205	8727409	7190202	49244987	53155	246127803	7.9995779729119025
m282	cornell2017	Oh43E	173289599	7725693	4252663	61190842	23079	246458797	4.242268078181036
m282	cornell2017	Oh603	160530175	6573482	4002129	75621632	95645	246727418	3.2998291049274466
m282	cornell2017	OH7B	177686552	7406581	4161067	57216120	28384	246470320	4.452897293678201
m282	cornell2017	Os420	181406743	8085598	6495495	50245063	83225	246232899	7.1622292555634495
m282	cornell2017	P39Goodman-Buckler	160604932	8002043	4239522	73651026	52466	246497523	3.493085893199827
m282	cornell2017	Pa762	166037798	7063773	4256285	69289095	65244	246646951	3.81421069097262
m282	cornell2017	Pa91	167086028	6744425	4453130	68390304	80407	246673887	3.743622709038513
m282	cornell2017	R177	175087573	8339969	5601940	57281973	73104	246311455	5.535728715499651
m282	cornell2017	R229	224365469	908950	861145	21440881	25971	247576445	4.410572319995951
m282	cornell2017	R4	168520605	6318986	3650912	68256584	48048	246747087	3.5070442631000542
m282	cornell2017	SA24	155701256	6874591	3751691	80401374	98995	246728912	3.099703682071925
m282	cornell2017	SC357	170780096	7579860	4863437	63227218	97674	246450611	4.644771456054536
m282	cornell2017	SC55	161179245	7275725	4795759	73368837	175730	246619566	3.8112714820039866
m282	cornell2017	SD40	175126908	6545057	4518350	60464078	62386	246654393	4.552445833389232
m282	cornell2017	Sg1533	175095449	7930084	6076390	57201446	118291	246303369	6.320059254650309
m282	cornell2017	Sg18	166978111	7114828	4688598	67771358	61217	246552895	3.8314712585305477
m282	cornell2017	T232	166007781	6902522	4202152	69510538	86694	246622993	3.5868753936499345
m282	cornell2017	T234	167966531	7201374	4596749	66800107	89609	246564761	4.351021295374808
m282	cornell2017	T8	176089577	8221223	5569944	56413191	69915	246293935	5.602181942482669
m282	cornell2017	Tx303	171872403	8363671	5056492	61039160	94858	246331726	4.542115097671179
m282	cornell2017	Tx601	157176626	7393269	4255775	77785745	89902	246611415	3.322710969806487
m282	cornell2017	Tzi10	170582700	8178682	5892721	61651000	175668	246305103	4.337603021160304
m282	cornell2017	Tzi11	160490015	7338788	4519168	74242629	187356	246590600	3.3730664863137525
m282	cornell2017	Tzi16	176818164	7732954	4539901	57360523	99341	246451542	4.94640077642525
m282	cornell2017	Tzi18	160855008	6786223	4561712	74559702	164079	246762645	5.3454637037951995
m282	cornell2017	Tzi25	177928648	6310083	3837090	58700083	86328	246775904	4.31651888224873
m282	cornell2017	Tzi9	157553473	7789599	4838235	76358414	208545	246539721	3.6091605822819925
m282	cornell2017	U267Y	168614936	7796908	4361141	65711420	142586	246484405	4.007689107146556
m282	cornell2017	VA102	172011779	7516248	4829881	62106740	56324	246464648	4.299548161162651
m282	cornell2017	Va22	156234137	6128042	3520092	80974112	69043	246856383	3.050989453653301
m282	cornell2017	Va26	168496750	6540163	3952060	67682687	48977	246671660	3.4725404770860178
m282	cornell2017	Va35	163835851	7061043	4651381	71038119	54975	246586394	3.7612960701311042
m282	cornell2017	Va59	176542372	8161468	5526319	56081677	58229	246311836	5.59123736709104
m282	cornell2017	Va99	173166686	5609933	4750129	63161900	38839	246688648	3.526932027695089
m282	cornell2017	VaW6	194240515	9818949	11603014	29983848	240404	245646326	24.9446430833246
m282	cornell2017	W182B	157372788	5564559	3269536	80705543	54910	246912426	3.114243950201194
m282	cornell2017	W22	183055720	8788431	7876469	46344673	93096	246065293	9.889265929917228
m282	cornell2017	W64A	180549715	8107925	5347395	52309211	30083	246314246	5.72995839672221
m282	cornell2017	WD	176949404	8050800	3088365	58310752	26534	246399321	4.248717768179239
m282	cornell2017	Wf9	173103655	7266242	4615970	61515049	30250	246500916	4.34766368941201
hmp3	cornell2017	A272	162298486	9593724	7410308	66678469	282213	245980987	6.704089430294058
hmp3	cornell2017	CML103	182059627	9612317	9421711	44625752	103169	245719407	15.049110989430313
hmp3	cornell2017	CML228	151387890	7566005	4097519	83460203	96210	246511617	3.1121786954162083
hmp3	cornell2017	CML247	160203492	8552353	4891890	72666766	97368	246314501	3.8280128200815917
hmp3	cornell2017	CML277	167012088	9011711	5610591	64533754	109696	246168144	4.828938810620435
hmp3	cornell2017	CML322	157747055	7934654	4484703	76235357	89640	246401769	3.5868721551264513
hmp3	cornell2017	CML333	170542814	8970774	6526503	60039970	113675	246080061	6.043695251278404
hmp3	cornell2017	CML52	171300849	9525883	6950439	58210808	123661	245987979	6.484830718496207
hmp3	cornell2017	CML69	182271796	10874131	11879473	40467082	257606	245492482	24.33928311906513
hmp3	cornell2017	dan340	160396594	4687323	2676046	79155246	15497	246915209	3.5062498478981907
hmp3	cornell2017	HP301	168156300	8765173	6110576	63109497	84698	246141546	5.796531839854455
hmp3	cornell2017	Il14H	157161995	8145777	4663431	76437409	103371	246408612	3.6608952088898583
hmp3	cornell2017	Ki11	162138819	8532360	5142160	70495822	114215	246309161	4.124316369621347
hmp3	cornell2017	Ki21	163656414	8738433	6544640	67229466	106520	246168953	5.616545664879194
hmp3	cornell2017	KI3	175851411	9731449	8085855	52161087	88174	245829802	11.04876668574138
hmp3	cornell2017	Ky21	169427913	7701344	5021227	64220452	69996	246370936	4.532831344197191
hmp3	cornell2017	L578	151176834	7726061	4968886	82579247	92668	246451028	3.9419232615252064
hmp3	cornell2017	M162W	166682658	8453959	5204183	65943036	78869	246283836	4.453748333284852
hmp3	cornell2017	M37W	180363202	10111655	9099800	46189274	119957	245763931	13.777550462439502
hmp3	cornell2017	MAIdgiRAADIAAPEI-1	161037146	8133315	3347275	73869762	90061	246387498	5.9946910179671535
hmp3	cornell2017	MAIdgiRABDIAAPEI-2	166300917	7326637	3213882	69631627	58209	246473063	6.539931435428301
hmp3	cornell2017	MAIdgiRACDIAAPEI-3	160760787	8160225	3432152	74028749	71801	246381913	5.8514766349752305
hmp3	cornell2017	MAIdgiRAEDIAAPEI-4	160677855	7934815	3260942	74555094	57001	246428706	5.754734837994077
hmp3	cornell2017	MAIdgiRAGDIAAPEI-5	161785914	8048368	3455232	73101552	62046	246391066	6.159315186371246
hmp3	cornell2017	MAIdgiRAIDIAAPEI-6	161612253	8396855	3566408	72738043	84675	246313559	6.281047896758294
hmp3	cornell2017	MAIdgiRAKDIAAPEI-9	162434424	8462207	3916491	71509448	79715	246322570	6.979660638081195
hmp3	cornell2017	MAIdgiRAMDIAAPEI-10	162207047	8284686	3623369	72239099	55742	246354201	6.4454788416618065
hmp3	cornell2017	MAIdgiRAODIAAPEI-11	158708633	8358276	3793217	75480114	57357	246340240	6.517555730237171
hmp3	cornell2017	MAIdgiRAPDIAAPEI-12	163378317	8423778	3757131	70771187	124634	246330413	6.971101091362194
hmp3	cornell2017	MAIdgiRARDIAAPEI-1	161601343	8253210	3613839	72885414	39269	246353806	6.4149147336493755
hmp3	cornell2017	MAIdgiRASDIAAPEI-2	162317831	8164909	3577969	72288968	61608	246349677	6.398801738635931
hmp3	cornell2017	MAIdgiRAVDIAAPEI-4	161755739	8474833	3905253	72149119	64312	246284944	7.300703118498385
hmp3	cornell2017	MAIdgiRAWDIAAPEI-5	162594345	8406111	3767209	71570047	45203	246337712	6.782531322284913
hmp3	cornell2017	MAIdgiRAXDIAAPEI-6	164088812	7662705	4240495	70323440	66895	246315452	6.741037691374718
hmp3	cornell2017	MAIdgiRAYDIAAPEI-7	162794025	8316751	3778138	71438307	74709	246327221	6.6187657826903346
hmp3	cornell2017	MAIdgiRCCDIAAPEI-10	162935418	8384523	3825074	71190018	94886	246335033	6.811893528761701
hmp3	cornell2017	MAIdgiRCIDIAAPEI-7	165398179	7302381	3228698	70547496	68245	246476754	6.5400207741294745
hmp3	cornell2017	MAIdgiRCKDIAAPEI-9	165197345	7836228	3921800	69409409	71612	246364782	6.480359204100852
hmp3	cornell2017	MM-1A	179147431	11256413	11118665	44034834	394524	245557343	16.63835087757893
hmp3	cornell2017	Mo17	168944714	8164314	6288558	62777025	72915	246174611	8.649762797837832
hmp3	cornell2017	MO18W	167607689	9043476	6426823	63019506	150256	246097494	5.79277354648723
hmp3	cornell2017	Ms71	174046357	8631610	6498772	56962404	65791	246139143	6.8918710930101845
hmp3	cornell2017	N6	177863106	9138498	6274766	52780944	36195	246057314	7.5574067056588285
hmp3	cornell2017	NC350	161204288	8380459	4959071	71787578	90790	246331396	3.940851252675887
hmp3	cornell2017	NC358	159822882	7724076	3980859	74946539	73399	246474356	3.258294489670966
hmp3	cornell2017	Oh40B	167724911	8434649	6133927	63913236	62759	246206723	5.360070049752459
hmp3	cornell2017	Oh43	168124269	7809232	5192781	65232674	63551	246358956	4.573310714143471
hmp3	cornell2017	Oh7B	164329319	6806761	3969174	71479963	63189	246585217	3.505337247771832
hmp3	cornell2017	P39	156921039	8312714	4679331	76457695	90382	246370779	3.590750155074194
hmp3	cornell2017	RIMMA0438-1	175276859	7894380	13303663	48825472	731325	245300374	19.36320911683567
hmp3	cornell2017	TIL01-JD	142888790	10050552	5917487	87050135	1178508	245906964	4.84338019032271
hmp3	cornell2017	TIL03	147952370	10251314	4967818	82762521	707811	245934023	5.095823383086771
hmp3	cornell2017	TIL05	142726649	10324172	4818475	88039161	1003925	245908457	5.303193983686377
hmp3	cornell2017	TIL09	143679700	10327743	4934719	86992364	999422	245934526	4.3332409724367045
hmp3	cornell2017	TIL10	158167837	11525100	7152161	68724411	1428173	245569509	7.351818052053034
hmp3	cornell2017	TIL11	138342374	10123023	5727149	91736155	1180185	245928701	5.343440369735454
hmp3	cornell2017	TIL14-TIP498	141290840	9819470	3085613	91922275	598995	246118198	3.548825860491633
hmp3	cornell2017	TIL15	148059899	11994089	6934100	78568423	824744	245556511	7.374848010444325
hmp3	cornell2017	TIL25-TIP489	133760821	10735504	3280606	98135656	255655	245912587	3.7594572830873436
hmp3	cornell2017	Tx303	150524998	6870518	3625216	85644658	83766	246665390	2.8102471384412704
hmp3	cornell2017	Tx601	165000273	9219711	6993346	64816206	121045	246029536	6.383301379310816
hmp3	cornell2017	Tzi8	162053374	8175179	5018033	71068611	148321	246315197	4.1141025285581545
hmp3	cornell2017	W22	173597847	7930502	6184260	58456798	39113	246169407	9.411079971037992
hmp3	cornell2017	ZEAhwcRAXDIAAPE	103882881	8109726	1764957	132731565	16789	246489129	1.9760962792805357
hmp3	cornell2017	ZEAxppRADDIAAPEI-4	154428325	7373977	2490936	82269648	106804	246562886	3.9122978605952885
hmp3	cornell2017	ZEAxppRAFDIAAPEI-5	157422880	7160183	2483387	79510348	64814	246576798	4.295143881704555
hmp3	cornell2017	ZEAxppRAHDIAAPEI-6	152953738	7395047	2665536	83516084	62310	246530405	4.319047515863206
hmp3	cornell2017	ZEAxppRAJDIAAPEI-7	151230252	7239357	2367518	85735328	43524	246572455	3.6949322498330157
hmp3	cornell2017	ZEAxppRALDIAAPEI-9	153825057	7217714	2518734	82992219	39157	246553724	4.1451741669900715
hmp3	cornell2017	ZEAxppRANDIAAPEI-10	152366289	7495474	2551814	84110674	45811	246524251	4.1026725565429265
hmp3	cornell2017	ZEAxppRAQDIAAPEI-11	153710581	6844392	2779258	83260258	66355	246594489	3.9353820441623903
hmp3	cornell2017	ZEAxppRATDIAAPEI-12	151728190	7617748	2713851	84437745	57867	246497534	4.487355468229552
hmp3	cornell2017	ZEAxppRAUDIAAPEI-1	151212345	6786288	2294027	86341075	50836	246633735	3.8730319366083474
hmp3	cornell2017	ZEAxppRAZDIAAPEI-7	153356831	7385084	2595582	83192399	47624	246529896	4.226933186229065
hmp3	cornell2017	ZEAxppRBCDIAAPEI-2	159858969	6561169	2457964	77773964	9658	246652066	4.700393375176513
hmp3	cornell2017	ZEAxppRBFDIAAPEI-3	204307460	2685848	1533600	38730924	9749	247257832	9.43793675259597
hmp3	cornell2017	ZEAxppRBHDIAAPEI-1	211368931	1283739	641663	34230212	3088	247524545	4.91940422352862
hmp3	cornell2017	ZEAxppRBLDIAAPEI-2	215787052	856873	492360	30471056	2210	247607341	5.42425204751906
hmp3	cornell2017	ZEAxppRBMDIAAPEI-6	163992772	5864701	2225704	74679634	13333	246762811	4.584526320702352
hmp3	cornell2017	ZEAxppRBRDIAAPEI-3	180800197	5357500	2686981	57951911	12613	246796589	8.642457258191685
hmp3	cornell2017	ZEAxppRBSDIAAPEI-4	217744707	1502357	970740	27270885	3769	247488689	9.680062612073558
hmp3	cornell2017	ZEAxppRBUDIAAPEI-5	233152674	22797	130630	14457930	1191	247764031	6.859109714759201
hmp3	cornell2017	ZEAxppRBXDIAAPEI-1	156080317	7802165	2912749	79664956	24728	246460187	4.724100734777094
hmp3	cornell2017	ZEAxppRBYDIAAPEI-2	160040613	8193874	3435087	74684503	88826	246354077	6.434257230092441
hmp3	cornell2017	ZEAxppRCBDIAAPEI-3	157670192	8028483	3148731	77541988	73636	246389394	5.3758813542923845
hmp3	cornell2017	ZEAxppRCDDIAAPEI-12	155486100	7559690	2804681	80653681	50498	246504152	4.769787910509515
hmp3	cornell2017	ZEAxppRCFDIAAPEI-4	159317220	8021584	3283694	75778603	57068	246401101	5.552317723612769
hmp3	cornell2017	ZEAxppRCGDIAAPEI-5	157956123	7420723	2625616	78525266	52160	246527728	4.337486738611407
hmp3	cornell2017	ZEAxppRCHDIAAPEI-6	159351352	8134988	3183136	75712546	80079	246382022	5.3846760673958585
hmp3	cornell2017	ZEAxppRCJDIAAPEI-7	160004724	7873803	3033225	75517597	56360	246429349	5.210705030511606
hmp3	cornell2017	ZEAxppRCODIAAPEI-9	162615861	7509770	3174928	73187496	13959	246488055	6.259488144364643
hmp3	cornell2017	ZEAxppRCPDIAAPEI-10	183240831	5248023	2625754	55670839	14405	246785447	8.199781064885888
hmp3	cornell2017	ZEAxppRCQDIAAPEI-11	167619137	7210984	3545463	68088930	20251	246464514	6.730057269826682
hmp3	cornell2017	ZEAxppRCUDIAAPEI-1	152672861	7884793	2834523	83057961	55927	246450138	4.592926382130896
hmp3	cornell2017	ZEAxppRCVDIAAPEI-2	154833452	7274012	3188250	81190300	45613	246486014	4.541898079458577
hmp3	cornell2017	ZEAxppRCWDIAAPEI-3	151382628	6748788	3806974	84541182	72150	246479572	3.7889500416691733
hmp3	cornell2017	ZEAxppRCXDIAAPEI-4	148329857	7527020	2343753	88347346	71603	246547976	3.597433328757077
hmp3	cornell2017	ZEAxppRCYDIAAPEI-5	166111775	6227395	2480369	71894153	12238	246713692	5.085236503209558
hmp3	cornell2017	ZEAxppRDCDIAAPEI-7	161220127	6757524	2482780	76172187	16970	246632618	4.493283671018729
hmp3	cornell2017	ZEAxppRDGDIAAPEI-11	138762952	6454762	1649995	99883075	18879	246750784	2.4950675228654995
hmp3	cornell2017	ZEAxppRDHDIAAPEI-12	156775159	7232204	2704338	79856797	13482	246568498	4.720283668191871
hmp3	cornell2017	ZEAxppRDIDIAAPEI-1	151352163	7843979	2602046	84668445	61727	246466633	4.078563084034179
hmp3	cornell2017	ZEAxppRDLDIAAPEI-2	152904096	6526820	8144286	78378978	965084	245954180	3.8052743242664144
hmp3	cornell2017	ZEAxppRDQDIAAPEI-3	161619409	6673804	3100790	75186938	14724	246580941	4.4087337029831515
hmp3	cornell2017	ZEAxujRADDIBAPE	179697485	5613961	2625507	58795159	15885	246732112	6.523785301201491
hmp3	cornell2017	ZEAxujRAGDIBAPE	162253139	7731207	3100821	73370147	32823	246455314	5.618653798229727
hmp3	cornell2017	ZEAxujRAHDIBAPE	164230958	7526727	3188605	71510685	29033	246456975	6.3838472114656115
hmp3	cornell2017	ZEAxujRAJDIBAPE	160073948	6998370	2578386	76926838	13074	246577542	4.748443055694017
hmp3	cornell2017	ZEAxujRAKDIBAPE	157587648	8096217	3281422	77413843	27462	246379130	6.10488803820356
hmp3	cornell2017	ZEAxujRALDIBAPE	190627886	4046641	1933537	50427954	9085	247036018	7.322483438427185
hmp3	cornell2017	ZEAxujRAMDIBAPE	169575989	6361952	2656822	68056669	26660	246651432	6.3975941818168724
hmp3	cornell2017	ZEAxujRANDIBAPE	165174681	7193107	3017236	71153761	29135	246538785	6.663372577260004
hmp3	cornell2017	ZEAxujRAODIBAPE	176439235	5584834	2499858	62274855	18370	246798782	6.6515277081067605
hmp3	cornell2017	ZEAxujRAPDIAAPE	162958652	7204117	2946475	73412408	32138	246521652	5.839415165853262
hmp3	cornell2017	ZEAxujRAQDIAAPE	162917692	7171324	2818966	73628681	21819	246536663	5.503285039596728
hmp3	cornell2017	ZEAxujRARDIAAPE	156839420	7748238	2936413	78924905	38061	246448976	5.248901366910123
hmp3	cornell2017	ZEAxujRASDIAAPE	159514753	8078238	3213977	75584914	59327	246391882	5.959906780938505
hmp3	cornell2017	ZEAxujRATDIAAPE	159723146	7387130	2791091	76595507	26801	246496874	5.215093240087093
hmp3	cornell2017	ZEAxujRAUDIAAPE	164275767	7596351	3198824	71377783	18746	246448725	5.609174392766691
hmp3	cornell2017	ZEAxujRAVDIAAPE	161685965	7564766	2923026	74301118	16059	246474875	5.114962994504004
hmp3	cornell2017	ZEAxujRAWDIAAPE	174237237	5315112	2207569	65033902	12417	246793820	5.5168310503075
hmp3	cornell2017	ZEAxujRAXDIAAPE	158888081	7937395	3259547	76311906	59877	246396929	5.809367716997804
hmp3	cornell2017	ZEAxujRAYDIAAPE	165127443	6830579	2837359	71784634	20643	246580015	5.71713827091786
hmp3	cornell2017	ZEAxujRAZDIAAPE	179531652	4375285	8127181	54161308	40244	246195426	5.84959628494479
hmp3	cornell2017	ZEAxujRBADIAAPE	171727694	5976172	2487616	66545955	32580	246737437	5.973531942783373
hmp3	cornell2017	ZEAxujRBBDIAAPE	158410772	7505321	2858224	77743871	24554	246518188	5.3242948264734125
hmp3	cornell2017	ZEAxujRBCDIBAPE	159656562	7097905	2551202	77250746	34660	246556415	5.1021022028569
hmp3	cornell2017	ZEAxujRBDDIBAPE	171715360	4616204	6769505	63229623	20972	246330692	4.909967876840942
hmp3	cornell2017	ZEAxujRBFDIBAPE	156935022	7062585	2601608	79973482	31048	246572697	4.524062221698456
biomap	hirsch2018	3IIH6	223058003	1464550	14202732	7209280	31558	245934565	15.436636325194875
biomap	hirsch2018	A188	184411049	11101602	8788745	41399380	216760	245700776	14.130275791233155
biomap	hirsch2018	AS5707	192328809	10587069	8881180	33921544	97702	245718602	25.580331145217894
biomap	hirsch2018	B84	214082451	5680577	5228077	21622339	40337	246613444	33.60457559929296
biomap	hirsch2018	CR1Ht	195882138	10309930	9192163	30344830	84986	245729061	28.04806374651796
biomap	hirsch2018	DKHBA1	197366603	10188113	8844431	29388182	109775	245787329	29.935413271446553
biomap	hirsch2018	FBLL	224240598	2627380	3267880	17030791	26438	247166649	14.413130939846177
biomap	hirsch2018	LH123Ht	197647419	9563945	8029081	30626066	54351	245866511	27.178394330409645
biomap	hirsch2018	LH145	202602293	8331550	7152479	28020692	53377	246107014	28.72270306079127
biomap	hirsch2018	LH146Ht	207298247	5392324	4828399	29150279	46399	246669249	12.859625131465009
biomap	hirsch2018	LH156	195977645	10061813	8384295	31371086	82463	245794839	26.111174866450305
biomap	hirsch2018	LH168	185507708	10214508	7570799	42577938	99470	245870953	12.483390090817275
biomap	hirsch2018	LH185	184384007	10948772	8761027	41636270	125596	245730076	14.145025419680413
biomap	hirsch2018	LH198	228520750	1980499	2365561	14426041	14879	247292851	14.43614074876754
biomap	hirsch2018	LH200	222008827	3060259	3159107	18906211	22746	247134404	15.056545636195597
biomap	hirsch2018	LH59	182791338	10548207	7697446	44797266	96539	245834257	11.003673992839818
biomap	hirsch2018	LH74	220402275	3278140	3506126	19862330	32304	247048871	16.921890240898936
biomap	hirsch2018	LH82	186898319	10251266	7928822	40772210	111202	245850617	14.097684060723752
biomap	hirsch2018	LH85	194711524	10739905	9082458	31176705	109705	245710592	27.82863210268119
biomap	hirsch2018	LH93	197019124	10649632	9724819	28294688	138707	245688263	32.54785744445594
biomap	hirsch2018	Mo17	195459998	10443395	9069872	30770397	66537	245743662	28.091479109642304
biomap	hirsch2018	Mo44	190973979	9562255	6836896	38588468	48686	245961598	16.75486345596112
biomap	hirsch2018	Mo45	195845451	10676541	9400281	29790034	151967	245712307	30.39788528744716
biomap	hirsch2018	MoG	191769009	10760747	8711427	34489305	121526	245730488	23.692413796044715
biomap	hirsch2018	NC230	196209603	10327049	8695508	30530141	109075	245762301	28.3511806292048
biomap	hirsch2018	NKH8431	206972957	7254824	6194539	25911652	67187	246333972	30.91355778487589
biomap	hirsch2018	NP899	186340762	10138881	7696561	41696504	85678	245872708	13.36449982362418
biomap	hirsch2018	Oh43	196596421	10363169	8952912	29832502	84299	245745004	30.41793410782829
biomap	hirsch2018	PH207	199482665	9413663	8798219	28148571	43019	245843118	28.55391653875786
biomap	hirsch2018	PHAA0	189362468	9608554	7894903	39042514	101755	245908439	14.282460412430172
biomap	hirsch2018	PHB47	200159760	9221413	7927155	28692575	89381	246000903	29.235934933946158
biomap	hirsch2018	PHG29	197613909	10111297	8783290	29293669	73943	245802165	30.73916119290487
biomap	hirsch2018	PHG35	198726467	9618762	9905423	27457892	75941	245708544	30.38740488039358
biomap	hirsch2018	PHG39	200921563	9162441	8013066	27898366	68053	245995436	31.198943371046933
biomap	hirsch2018	PHG47	196866073	10256365	9150428	29471930	85820	245744796	31.050943443783037
biomap	hirsch2018	PHG50	195790923	10264471	8620634	31115442	61004	245791470	27.88619456769594
biomap	hirsch2018	PHG72	208597122	7557713	10768207	18875864	52884	245798906	31.994572688618884
biomap	hirsch2018	PHG83	235486465	1394104	1783229	8791144	8366	247454942	31.682406408355344
biomap	hirsch2018	PHJ40	198695826	9807656	8631627	28706545	80895	245841654	32.091923024972814
biomap	hirsch2018	PHJ89	185076649	10179687	7880937	42710980	87604	245848253	12.860052702103197
biomap	hirsch2018	PHK46	184582696	10276910	7512426	43500966	110580	245872998	11.413171323107225
biomap	hirsch2018	PHK56	184662241	10481980	8137455	42515984	87445	245797660	13.152426855080721
biomap	hirsch2018	PHK76	186341343	10552280	8069549	40837139	113034	245800311	14.41523928625135
biomap	hirsch2018	PHKM5	184479360	9446634	6248648	45859645	123447	246034287	8.968737377242059
biomap	hirsch2018	PHMK0	193168961	8353172	6479826	38169850	109455	246171809	13.719410419574078
biomap	hirsch2018	PHN11	197087750	9998764	8753289	29976906	53961	245816709	28.842809638298426
biomap	hirsch2018	PHN46	184421226	10705446	7927822	42743408	111822	245797902	13.660478049564475
biomap	hirsch2018	PHP02	188111317	9874095	7809869	40099792	89816	245895073	13.857307680581302
biomap	hirsch2018	PHP38	194782275	8147566	6454094	36864836	66253	246248771	13.551650656969167
biomap	hirsch2018	PHR03	185148527	9957414	7589843	43186814	89650	245882598	10.833783769032733
biomap	hirsch2018	PHT11	201106126	6758230	5939313	32668538	67809	246472207	14.810505324034365
biomap	hirsch2018	PHV78	185047081	10450362	7728703	42622086	93731	245848232	13.20780681432763
biomap	hirsch2018	PHW52	204783829	6007504	5157859	30648420	44807	246597612	13.320682072541725
biomap	hirsch2018	PHW65	195452117	10471096	9086885	30721220	72732	245731318	27.950842704550993
biomap	hirsch2018	SCRO1	194057056	9638770	7977319	34194205	51148	245867350	22.676148490639363
biomap	hirsch2018	W182Ngt	193915975	9674511	7820657	34460082	74839	245871225	23.07484844474989
biomap	hirsch2018	W37A	185146418	10658766	8233920	41746049	187276	245785153	14.007774170150952
biomap	hirsch2018	W604S	196871653	10029930	8542635	30354693	122278	245798911	27.855021065166557
biomap	hirsch2018	W605S	194772472	10694796	9413313	30779396	138938	245659977	28.358661649634527
biomap	hirsch2018	W606S	185067321	9837895	7211834	43801598	91857	245918648	11.10927053039101
