yid	author	study	n	sid	nRefHom	nNonRefHom	nHets	avgDepth	nMissing
dn12a	cshl2012	hapmap2	103	dn12a#B73-1	95993846	12263	46093	2.7	144
dn12a	cshl2012	hapmap2	103	dn12a#B97-1	132161934	4595272	1467248	4.4	78422
dn12a	cshl2012	hapmap2	103	dn12a#BKN009	127058738	6311275	1756018	5	127549
dn12a	cshl2012	hapmap2	103	dn12a#BKN010	120315337	5972543	1723716	4.7	122301
dn12a	cshl2012	hapmap2	103	dn12a#BKN011	121500219	5952225	2249822	4.9	126066
dn12a	cshl2012	hapmap2	103	dn12a#BKN014	124276041	6270681	1866907	5.1	123832
dn12a	cshl2012	hapmap2	103	dn12a#BKN015	122603718	5703776	1840906	5	117444
dn12a	cshl2012	hapmap2	103	dn12a#BKN016	125793419	6121249	1729438	5	123643
dn12a	cshl2012	hapmap2	103	dn12a#BKN017	102018091	5538106	1257969	3.8	126014
dn12a	cshl2012	hapmap2	103	dn12a#BKN018	111118928	5382342	1457871	4.4	109693
dn12a	cshl2012	hapmap2	103	dn12a#BKN019	110752873	5753724	1656280	4.4	116420
dn12a	cshl2012	hapmap2	103	dn12a#BKN020	111338994	5592559	1795652	4.6	114717
dn12a	cshl2012	hapmap2	103	dn12a#BKN022	109914884	6116640	1696004	4.5	123762
dn12a	cshl2012	hapmap2	103	dn12a#BKN023	99730132	5754279	1525316	4.3	119228
dn12a	cshl2012	hapmap2	103	dn12a#BKN025	110109214	5586246	1562298	4.6	113047
dn12a	cshl2012	hapmap2	103	dn12a#BKN026	111070869	5804046	2138028	4.6	134596
dn12a	cshl2012	hapmap2	103	dn12a#BKN027	114967914	6070122	1841400	4.9	126656
dn12a	cshl2012	hapmap2	103	dn12a#BKN029	101196275	5891041	1672071	4.4	125102
dn12a	cshl2012	hapmap2	103	dn12a#BKN030	101779571	5775866	1497830	4.5	122642
dn12a	cshl2012	hapmap2	103	dn12a#BKN031	111221883	5786467	1634781	4.7	115573
dn12a	cshl2012	hapmap2	103	dn12a#BKN032	116075212	5740902	1625806	4.5	119345
dn12a	cshl2012	hapmap2	103	dn12a#BKN033	110161660	5840659	1589266	4.5	125008
dn12a	cshl2012	hapmap2	103	dn12a#BKN034	105922182	5359184	1380734	4.2	116767
dn12a	cshl2012	hapmap2	103	dn12a#BKN035	111210288	5974484	1615988	4.3	128719
dn12a	cshl2012	hapmap2	103	dn12a#BKN040	69963856	3493538	634566	2.8	87917
dn12a	cshl2012	hapmap2	103	dn12a#CAU178	123015395	2906301	567078	3.7	54039
dn12a	cshl2012	hapmap2	103	dn12a#CAU478	175078341	2755747	665214	4.9	53763
dn12a	cshl2012	hapmap2	103	dn12a#CAU5003	131259020	2727722	464744	3.7	52974
dn12a	cshl2012	hapmap2	103	dn12a#CAUCHANG72	108065306	2730660	402554	3.3	45439
dn12a	cshl2012	hapmap2	103	dn12a#CAUMO17	198278323	5048697	1429827	5.7	50892
dn12a	cshl2012	hapmap2	103	dn12a#CAUZHENG58	138893905	3007902	583749	3.9	55626
dn12a	cshl2012	hapmap2	103	dn12a#CML103	92610753	3195531	767082	3.1	61921
dn12a	cshl2012	hapmap2	103	dn12a#CML133	83229074	4320917	838086	3.2	106610
dn12a	cshl2012	hapmap2	103	dn12a#CML192	78269837	3783657	719126	2.9	99694
dn12a	cshl2012	hapmap2	103	dn12a#CML202	77446607	3913669	755590	2.9	106120
dn12a	cshl2012	hapmap2	103	dn12a#CML206	81620422	3527627	636822	2.9	93841
dn12a	cshl2012	hapmap2	103	dn12a#CML228	82707778	3240386	780975	3	57455
dn12a	cshl2012	hapmap2	103	dn12a#CML247	64149491	2674888	543124	2.5	46105
dn12a	cshl2012	hapmap2	103	dn12a#CML277	69747063	2748899	529776	2.6	50926
dn12a	cshl2012	hapmap2	103	dn12a#CML312SR	77236566	3548051	601442	2.8	95806
dn12a	cshl2012	hapmap2	103	dn12a#CML322	72488458	2777757	506502	2.6	51623
dn12a	cshl2012	hapmap2	103	dn12a#CML330	81633796	3877687	750660	3.1	97791
dn12a	cshl2012	hapmap2	103	dn12a#CML333	107250045	3931400	871115	3.7	62049
dn12a	cshl2012	hapmap2	103	dn12a#CML341	76634726	3841671	716268	2.9	105306
dn12a	cshl2012	hapmap2	103	dn12a#CML411	82601426	3471939	626993	2.9	92080
dn12a	cshl2012	hapmap2	103	dn12a#CML418	79035497	3464602	605760	2.8	90450
dn12a	cshl2012	hapmap2	103	dn12a#CML479	75842112	3980656	762979	3	108889
dn12a	cshl2012	hapmap2	103	dn12a#CML504	80063842	3553019	606760	2.8	93665
dn12a	cshl2012	hapmap2	103	dn12a#CML505	71657530	4046582	733884	2.9	176734
dn12a	cshl2012	hapmap2	103	dn12a#CML511	76982895	4098157	794095	3.1	100030
dn12a	cshl2012	hapmap2	103	dn12a#CML52	91665618	3913304	1134109	3.6	48258
dn12a	cshl2012	hapmap2	103	dn12a#CML69	109588216	3786338	937979	3.7	54305
dn12a	cshl2012	hapmap2	103	dn12a#CML84	84635191	4089636	777246	3.1	107047
dn12a	cshl2012	hapmap2	103	dn12a#CML85	85012213	4462117	869591	3.2	108314
dn12a	cshl2012	hapmap2	103	dn12a#CML96	84758383	3425675	598308	2.9	87971
dn12a	cshl2012	hapmap2	103	dn12a#CML99	78729427	3715762	734752	3	101793
dn12a	cshl2012	hapmap2	103	dn12a#H16	78237095	3442109	648616	3.1	88446
dn12a	cshl2012	hapmap2	103	dn12a#HP301	100228676	4221139	1036198	3.7	56746
dn12a	cshl2012	hapmap2	103	dn12a#IL14H	99003816	4214869	1094484	4	49788
dn12a	cshl2012	hapmap2	103	dn12a#KI11	70699592	3013115	447016	2.6	43869
dn12a	cshl2012	hapmap2	103	dn12a#KI3	120188519	4959721	1295371	4.2	65989
dn12a	cshl2012	hapmap2	103	dn12a#KY21	67805533	2210823	457561	2.5	42118
dn12a	cshl2012	hapmap2	103	dn12a#M162W	86652864	3736655	797694	3.2	56748
dn12a	cshl2012	hapmap2	103	dn12a#M37W	83171279	3371545	732279	3	54089
dn12a	cshl2012	hapmap2	103	dn12a#MO17	80449671	3190369	676054	3	42837
dn12a	cshl2012	hapmap2	103	dn12a#MO18W	81768685	3503877	715221	3	54629
dn12a	cshl2012	hapmap2	103	dn12a#MS71	107409431	4200652	1138856	3.9	56982
dn12a	cshl2012	hapmap2	103	dn12a#NC350	63855361	2650922	475702	2.5	48654
dn12a	cshl2012	hapmap2	103	dn12a#NC358	60424957	2414762	443403	2.4	43616
dn12a	cshl2012	hapmap2	103	dn12a#OH43	330101153	6903144	3402003	13	39626
dn12a	cshl2012	hapmap2	103	dn12a#OH7B	92672535	3688199	1166313	3.5	64978
dn12a	cshl2012	hapmap2	103	dn12a#P1	79891988	4053936	762447	3	105083
dn12a	cshl2012	hapmap2	103	dn12a#P39	111614550	4155302	971961	3.7	63702
dn12a	cshl2012	hapmap2	103	dn12a#TDD39103	69755652	3842	68	13.8	39122
dn12a	cshl2012	hapmap2	103	dn12a#TIL01	73969918	4856510	1520654	3.2	100880
dn12a	cshl2012	hapmap2	103	dn12a#TIL02	33672063	1014625	110696	1.6	23313
dn12a	cshl2012	hapmap2	103	dn12a#TIL03	75038577	3974178	725624	2.8	73308
dn12a	cshl2012	hapmap2	103	dn12a#TIL04-TIP285	16919741	440452	45414	1.4	7450
dn12a	cshl2012	hapmap2	103	dn12a#TIL04-TIP454	89232828	5490056	1122266	3.5	100118
dn12a	cshl2012	hapmap2	103	dn12a#TIL05	125084288	5957515	1297726	4	96827
dn12a	cshl2012	hapmap2	103	dn12a#TIL06-TIP496	71563879	4376490	877431	2.8	124780
dn12a	cshl2012	hapmap2	103	dn12a#TIL06	106931459	5732351	1574235	3.6	170610
dn12a	cshl2012	hapmap2	103	dn12a#TIL07	94445455	5482666	966953	3.2	96799
dn12a	cshl2012	hapmap2	103	dn12a#TIL08	102303942	7308331	1562375	4	123147
dn12a	cshl2012	hapmap2	103	dn12a#TIL09	99731233	6762504	1689016	3.9	101160
dn12a	cshl2012	hapmap2	103	dn12a#TIL10	88172736	5998841	1415068	3.4	93430
dn12a	cshl2012	hapmap2	103	dn12a#TIL11	55725374	3549425	650459	2.5	64574
dn12a	cshl2012	hapmap2	103	dn12a#TIL12	52108591	3607404	562587	2.4	67844
dn12a	cshl2012	hapmap2	103	dn12a#TIL14	84815831	5003407	947428	3.2	99213
dn12a	cshl2012	hapmap2	103	dn12a#TIL15	119900930	7930299	2467955	5	100716
dn12a	cshl2012	hapmap2	103	dn12a#TIL16	66474757	4425369	773569	2.9	68142
dn12a	cshl2012	hapmap2	103	dn12a#TIL17	67885153	4291220	692642	2.8	70473
dn12a	cshl2012	hapmap2	103	dn12a#TIL25	147947887	9766823	3196287	6.9	136929
dn12a	cshl2012	hapmap2	103	dn12a#TX303	104360200	4358127	1301990	4	68158
dn12a	cshl2012	hapmap2	103	dn12a#TZI8	61876785	2490599	379939	2.4	38344
dn12a	cshl2012	hapmap2	103	dn12a#VL0512447	80545249	3047591	610143	2.8	85947
dn12a	cshl2012	hapmap2	103	dn12a#VL05128	77717607	3851398	757165	3	118017
dn12a	cshl2012	hapmap2	103	dn12a#VL054178	78255913	4004505	770223	3	100756
dn12a	cshl2012	hapmap2	103	dn12a#VL05610	84571196	4533694	924075	3.4	110822
dn12a	cshl2012	hapmap2	103	dn12a#VL056883	73930423	4018124	756885	2.9	112295
dn12a	cshl2012	hapmap2	103	dn12a#VL062784	76584770	3944894	758507	3	107053
dn12a	cshl2012	hapmap2	103	dn12a#W22	118092083	4464035	1274626	4.2	59760
dn12a	cshl2012	hapmap2	103	dn12a#W64A	292637897	6304010	3028441	11.7	42876
dn14a	german2014	german 31	31	dn14a#B73	296793890	16191	219210	11.1	288
dn14a	german2014	german 31	31	dn14a#CH10	268948989	8470022	5120529	13.8	82663
dn14a	german2014	german 31	31	dn14a#D06	244929722	6315557	3490272	13	64920
dn14a	german2014	german 31	31	dn14a#D09	250547719	6865071	3635175	11.5	70566
dn14a	german2014	german 31	31	dn14a#D152	230129600	7628059	3911064	11.6	83556
dn14a	german2014	german 31	31	dn14a#DK105	174619975	9818297	9209927	24.3	83628
dn14a	german2014	german 31	31	dn14a#EC169	247559329	4731756	2483814	10.7	46510
dn14a	german2014	german 31	31	dn14a#EC49A	253025412	7783669	4261006	13.1	75370
dn14a	german2014	german 31	31	dn14a#EP1	210826232	8996785	8320740	21.2	82300
dn14a	german2014	german 31	31	dn14a#EP44	212744255	7951899	3586079	9.6	92744
dn14a	german2014	german 31	31	dn14a#EZ5	169681293	7490055	3060623	7.1	108690
dn14a	german2014	german 31	31	dn14a#F03802	239218136	7907629	4029429	10	85249
dn14a	german2014	german 31	31	dn14a#F252	276466872	7302687	4631127	13	71668
dn14a	german2014	german 31	31	dn14a#F283	313167326	8807124	6290067	14.1	78835
dn14a	german2014	german 31	31	dn14a#F2	262860747	8845336	4824517	12.1	86750
dn14a	german2014	german 31	31	dn14a#F353	333696956	7812616	5946251	16	62105
dn14a	german2014	german 31	31	dn14a#F618	209229757	5613368	2870118	9.4	67720
dn14a	german2014	german 31	31	dn14a#F64	231703143	7571054	3872233	11.9	83966
dn14a	german2014	german 31	31	dn14a#F7	215355182	8587537	8438504	21.4	73103
dn14a	german2014	german 31	31	dn14a#F98902	258802949	3361735	3459208	10.9	35939
dn14a	german2014	german 31	31	dn14a#FF0721H-7	226331601	7809917	3873590	11.2	83809
dn14a	german2014	german 31	31	dn14a#Lo11	213986497	7710168	3652472	10.1	87975
dn14a	german2014	german 31	31	dn14a#Mo17	242881737	7014389	3663690	11.3	73375
dn14a	german2014	german 31	31	dn14a#PH207	228403082	8163902	6116760	21.9	68949
dn14a	german2014	german 31	31	dn14a#Teosinte	216451844	8103780	11576531	10.6	146619
dn14a	german2014	german 31	31	dn14a#UH006	204593609	7949691	3598756	8.9	92420
dn14a	german2014	german 31	31	dn14a#UH007	265377817	8786884	4800651	11.8	83252
dn14a	german2014	german 31	31	dn14a#UH009	215359156	7586386	4921538	9.3	97288
dn14a	german2014	german 31	31	dn14a#UH250	269769910	5790441	4598798	12	65884
dn14a	german2014	german 31	31	dn14a#UH304	238000062	6229017	3825999	11.1	72372
dn14a	german2014	german 31	31	dn14a#W117	242149410	7096960	3657731	11.8	73845
dn15a	dell-acqua2015	magic	5	dn15a#A632	475285095	6482525	5397299	21.2	42255
dn15a	dell-acqua2015	magic	5	dn15a#W153R	426045834	7390357	6932952	14.1	64630
dn15a	dell-acqua2015	magic	5	dn15a#H99	406630146	8605161	5837808	13.8	75315
dn15a	dell-acqua2015	magic	5	dn15a#HP301	432259012	9292583	7339171	20.2	67495
dn15a	dell-acqua2015	magic	5	dn15a#F7	368400655	9386850	5574931	13	81428
dn17a	cornell2017	282 set	277	dn17a#33-16	97605758	6097943	3757714	4.7	125067
dn17a	cornell2017	282 set	277	dn17a#38-11Goodman-Buckler	273971917	8103399	7405663	11.8	117262
dn17a	cornell2017	282 set	277	dn17a#4226	207317425	7371093	4426687	6.8	171315
dn17a	cornell2017	282 set	277	dn17a#4722	208772752	8564342	6477370	8	145805
dn17a	cornell2017	282 set	277	dn17a#A188	161465237	6759984	3720729	5.2	165817
dn17a	cornell2017	282 set	277	dn17a#A214NGoodman-Buckler	141057955	5502401	3945678	5.4	116141
dn17a	cornell2017	282 set	277	dn17a#A239	247165689	7913264	6635699	9.1	120254
dn17a	cornell2017	282 set	277	dn17a#A441-5	167385817	8277778	6628164	7.6	138412
dn17a	cornell2017	282 set	277	dn17a#A554	52886174	2407760	803265	2.5	66016
dn17a	cornell2017	282 set	277	dn17a#A556	94705484	5334788	3230357	4.4	110900
dn17a	cornell2017	282 set	277	dn17a#A619	137947694	7166556	4482231	6.4	135563
dn17a	cornell2017	282 set	277	dn17a#A632	169542489	5550707	3424870	6.9	109956
dn17a	cornell2017	282 set	277	dn17a#A634	138706070	4715088	4084152	6.6	94703
dn17a	cornell2017	282 set	277	dn17a#A635	128302210	4314806	3353123	5.6	92630
dn17a	cornell2017	282 set	277	dn17a#A641	228554087	6828099	5624095	8.2	117965
dn17a	cornell2017	282 set	277	dn17a#A654	178747876	7600737	5842478	7.1	133923
dn17a	cornell2017	282 set	277	dn17a#A659	140181944	6304695	4314754	5.5	133025
dn17a	cornell2017	282 set	277	dn17a#A661	147751260	5767762	3316125	4.8	157190
dn17a	cornell2017	282 set	277	dn17a#A679	166520598	1260124	1880689	6.8	23786
dn17a	cornell2017	282 set	277	dn17a#A680	146710465	511275	840117	6.3	10147
dn17a	cornell2017	282 set	277	dn17a#A682	132921860	5788461	5909910	6	131478
dn17a	cornell2017	282 set	277	dn17a#A6	88076421	6558102	4043651	4.6	143442
dn17a	cornell2017	282 set	277	dn17a#Ab28A	100898652	5969610	3673243	4.7	120601
dn17a	cornell2017	282 set	277	dn17a#B103	147374681	6410403	4105706	6.3	135136
dn17a	cornell2017	282 set	277	dn17a#B104	31968898	1068047	264973	1.8	20702
dn17a	cornell2017	282 set	277	dn17a#B105	106419463	5012007	3159183	4.6	101120
dn17a	cornell2017	282 set	277	dn17a#B109	159264216	1302152	1576876	6.7	21767
dn17a	cornell2017	282 set	277	dn17a#B10	117510505	4483424	2506627	4.1	115467
dn17a	cornell2017	282 set	277	dn17a#B14A	131595839	3881404	3226010	6.1	79199
dn17a	cornell2017	282 set	277	dn17a#B164	9211382	799521	75015	1.5	9278
dn17a	cornell2017	282 set	277	dn17a#B2	87486138	5127859	3165585	4.3	105217
dn17a	cornell2017	282 set	277	dn17a#B37	140346034	6062231	4302057	6.1	113766
dn17a	cornell2017	282 set	277	dn17a#B46	117438108	5653744	3577577	5.2	121890
dn17a	cornell2017	282 set	277	dn17a#B52	93070666	5547085	3281858	4.3	112527
dn17a	cornell2017	282 set	277	dn17a#B57	249336091	10136377	11972553	24.6	80416
dn17a	cornell2017	282 set	277	dn17a#B64	137090779	5557960	2747518	5.6	120926
dn17a	cornell2017	282 set	277	dn17a#B68	124827749	5114037	3714279	5.9	100474
dn17a	cornell2017	282 set	277	dn17a#B73Htrhm	152147188	54371	561908	6.6	1094
dn17a	cornell2017	282 set	277	dn17a#B73	137021297	16818	360891	5.6	414
dn17a	cornell2017	282 set	277	dn17a#B75	92422857	5303495	3005038	4.2	115620
dn17a	cornell2017	282 set	277	dn17a#B76	143734182	6181653	3449508	6	127265
dn17a	cornell2017	282 set	277	dn17a#B77	111884219	6663815	3818983	4.9	142247
dn17a	cornell2017	282 set	277	dn17a#B79	232508782	7455216	6498485	8.9	113085
dn17a	cornell2017	282 set	277	dn17a#B84	254776789	4246203	4136479	8.1	68511
dn17a	cornell2017	282 set	277	dn17a#B97	260478201	8658014	7249362	12.2	116416
dn17a	cornell2017	282 set	277	dn17a#C103	130695127	6223726	5483867	6.6	132856
dn17a	cornell2017	282 set	277	dn17a#C123	184886817	7869478	5627141	7.3	136549
dn17a	cornell2017	282 set	277	dn17a#C49A	174476213	5776092	3027650	4.8	179445
dn17a	cornell2017	282 set	277	dn17a#CH701-30	90921254	5389923	3052429	4.2	114010
dn17a	cornell2017	282 set	277	dn17a#CH9	179391014	7037830	5089638	6.5	141101
dn17a	cornell2017	282 set	277	dn17a#CI187-2	298475759	6612477	5450435	9.5	140501
dn17a	cornell2017	282 set	277	dn17a#CI21E	151251023	5399316	4001003	5.5	126532
dn17a	cornell2017	282 set	277	dn17a#CI28AGoodman-Buckler	98764019	5815002	3664871	4.8	122208
dn17a	cornell2017	282 set	277	dn17a#CI31A	170935064	5792502	3172234	4.8	176488
dn17a	cornell2017	282 set	277	dn17a#CI3A	213078895	6394383	3774909	5.8	196166
dn17a	cornell2017	282 set	277	dn17a#CI64	174826867	7084040	4872093	6.4	156863
dn17a	cornell2017	282 set	277	dn17a#CI66	242134576	7002149	4160531	6.5	190521
dn17a	cornell2017	282 set	277	dn17a#Ci7Goodman-Buckler	100652014	5953335	3991451	5.1	116212
dn17a	cornell2017	282 set	277	dn17a#Ci90CGoodman-Buckler	78612693	4961556	2933285	4.1	105649
dn17a	cornell2017	282 set	277	dn17a#Ci91BGoodman-Buckler	115938798	5358661	4058677	5.3	114666
dn17a	cornell2017	282 set	277	dn17a#CM105	204257302	5718460	4537764	6.9	113964
dn17a	cornell2017	282 set	277	dn17a#CM174	190610126	5323077	2144114	5.4	146014
dn17a	cornell2017	282 set	277	dn17a#CM37	180751640	5935552	3306212	5	174719
dn17a	cornell2017	282 set	277	dn17a#CM7	137083509	7500575	5666640	6.6	137989
dn17a	cornell2017	282 set	277	dn17a#CML103	193390112	8810617	7571322	10	130417
dn17a	cornell2017	282 set	277	dn17a#CML108	231388399	7279134	4850728	7	197221
dn17a	cornell2017	282 set	277	dn17a#CML10	95899261	6993476	4002192	4.5	157912
dn17a	cornell2017	282 set	277	dn17a#CML11	90101691	6767486	3672646	4.3	155957
dn17a	cornell2017	282 set	277	dn17a#CML14	125223507	7787637	5531405	6.2	160020
dn17a	cornell2017	282 set	277	dn17a#CML154Q	96354288	6266393	3139272	4.2	161384
dn17a	cornell2017	282 set	277	dn17a#CML157Q	113189872	7737762	5124088	5.5	149497
dn17a	cornell2017	282 set	277	dn17a#CML158Q	164595956	8524236	6570185	7.6	164691
dn17a	cornell2017	282 set	277	dn17a#CML218	102603428	7245300	4487059	4.9	161840
dn17a	cornell2017	282 set	277	dn17a#CML220	111650320	7371585	5000761	5.4	159744
dn17a	cornell2017	282 set	277	dn17a#CML228	120870006	7481304	4839982	5.9	142465
dn17a	cornell2017	282 set	277	dn17a#CML238	75016741	5821012	3352924	4.2	141219
dn17a	cornell2017	282 set	277	dn17a#CML247	121934767	7792883	4835978	5.8	156078
dn17a	cornell2017	282 set	277	dn17a#CML254	126390660	7648330	5434215	6.1	164924
dn17a	cornell2017	282 set	277	dn17a#CML258	94742561	6002679	2931948	4.1	155812
dn17a	cornell2017	282 set	277	dn17a#CML261	92129662	6271551	3378592	4.2	152872
dn17a	cornell2017	282 set	277	dn17a#CML264	104740994	7566736	5181602	5.5	148196
dn17a	cornell2017	282 set	277	dn17a#CML277	132865070	7962213	4459572	5.8	160054
dn17a	cornell2017	282 set	277	dn17a#CML281	140511116	8306182	5999326	6.5	164401
dn17a	cornell2017	282 set	277	dn17a#CML287	87130181	6816068	4231544	4.7	147724
dn17a	cornell2017	282 set	277	dn17a#CML311	188430348	9176646	7575890	8.9	122163
dn17a	cornell2017	282 set	277	dn17a#CML314	136868996	8020027	6261867	6.6	161964
dn17a	cornell2017	282 set	277	dn17a#CML321	76126548	6212825	3441995	4.1	139463
dn17a	cornell2017	282 set	277	dn17a#CML322	100896311	6595352	4072892	5	140388
dn17a	cornell2017	282 set	277	dn17a#CML323	111874915	7365332	5216708	5.7	154022
dn17a	cornell2017	282 set	277	dn17a#CML328	149717942	8716014	6047489	6.8	160220
dn17a	cornell2017	282 set	277	dn17a#CML331	220507367	9141988	8656051	10.3	118432
dn17a	cornell2017	282 set	277	dn17a#CML332	102235252	6510672	3150994	4.3	150310
dn17a	cornell2017	282 set	277	dn17a#CML333	139148603	7570767	4161257	6.1	154971
dn17a	cornell2017	282 set	277	dn17a#CML341	52801930	2596759	741328	2.3	72939
dn17a	cornell2017	282 set	277	dn17a#CML38	120582843	7359737	5636873	6.7	155964
dn17a	cornell2017	282 set	277	dn17a#CML45	150053904	7033413	4225987	5.6	168169
dn17a	cornell2017	282 set	277	dn17a#CML52	180762370	7874375	6078451	6.8	171080
dn17a	cornell2017	282 set	277	dn17a#CML5	111744688	7350336	5202392	5.8	150830
dn17a	cornell2017	282 set	277	dn17a#CML61	124129962	7808268	5284834	5.9	164254
dn17a	cornell2017	282 set	277	dn17a#CML69	130446369	7485030	4758425	6.4	145238
dn17a	cornell2017	282 set	277	dn17a#CML77	165598678	8704272	6957499	7.8	140561
dn17a	cornell2017	282 set	277	dn17a#CML91	199515369	7791266	5625334	7.3	148165
dn17a	cornell2017	282 set	277	dn17a#CML92	147713871	6446513	3426745	5	159286
dn17a	cornell2017	282 set	277	dn17a#CMV3	90787788	5973626	3285653	4.3	125039
dn17a	cornell2017	282 set	277	dn17a#CO106	209241010	7380270	5161634	7.2	148152
dn17a	cornell2017	282 set	277	dn17a#CO125	203436251	7246680	4909291	7	159735
dn17a	cornell2017	282 set	277	dn17a#CO255	222844010	9127572	8567977	10.8	119814
dn17a	cornell2017	282 set	277	dn17a#D940Y	210667386	7599082	6295239	7.7	152150
dn17a	cornell2017	282 set	277	dn17a#DE1	210275628	7433049	5363997	7.2	146500
dn17a	cornell2017	282 set	277	dn17a#DE-2	184717333	6678323	4918998	6.4	143963
dn17a	cornell2017	282 set	277	dn17a#DE811	113189851	4778790	3200532	5.1	108264
dn17a	cornell2017	282 set	277	dn17a#E2558W	82983424	4255110	2148012	3.7	113317
dn17a	cornell2017	282 set	277	dn17a#EP1	81671431	6748741	3747128	4.2	158355
dn17a	cornell2017	282 set	277	dn17a#F2834T	103463484	6969854	4780584	5.3	149784
dn17a	cornell2017	282 set	277	dn17a#F44	207742801	7298195	2720314	5.9	199919
dn17a	cornell2017	282 set	277	dn17a#F6	158676139	8381188	6843889	7.6	141828
dn17a	cornell2017	282 set	277	dn17a#F7	132963637	8090481	4731501	6	157314
dn17a	cornell2017	282 set	277	dn17a#GA209	128726490	7344344	5506596	6.2	140320
dn17a	cornell2017	282 set	277	dn17a#GT112	97960276	6151059	3579519	4.6	127641
dn17a	cornell2017	282 set	277	dn17a#H105W	126056772	5120910	4052868	5.9	107680
dn17a	cornell2017	282 set	277	dn17a#H49	142967153	6373990	4014780	6.2	143999
dn17a	cornell2017	282 set	277	dn17a#H84	128552897	5391781	3512582	5.5	117611
dn17a	cornell2017	282 set	277	dn17a#H91	157950670	4674664	3547370	7.5	85247
dn17a	cornell2017	282 set	277	dn17a#H95	228497748	7857008	5999296	8.1	140882
dn17a	cornell2017	282 set	277	dn17a#H99	113533004	6172103	4249915	5.4	127047
dn17a	cornell2017	282 set	277	dn17a#Hi27Goodman-Buckler	110728126	6757240	4761721	5.4	135446
dn17a	cornell2017	282 set	277	dn17a#HP301	158742329	8183141	5963387	7.6	124800
dn17a	cornell2017	282 set	277	dn17a#I137TN	112098910	7227580	4855749	5.3	147227
dn17a	cornell2017	282 set	277	dn17a#i1677a	211260587	6617998	4468122	7.2	189637
dn17a	cornell2017	282 set	277	dn17a#I205	181042575	4651648	2668245	5.6	148775
dn17a	cornell2017	282 set	277	dn17a#I29	148133857	8292556	5857822	6.7	160352
dn17a	cornell2017	282 set	277	dn17a#IA2132Goodman-Buckler	100035454	6053263	3504963	4.5	132647
dn17a	cornell2017	282 set	277	dn17a#Ia5125	182000376	7296467	4960836	6.5	165837
dn17a	cornell2017	282 set	277	dn17a#IDS28	96887113	5843830	3544033	4.4	135504
dn17a	cornell2017	282 set	277	dn17a#IDS69	149467921	7986052	4747633	6.5	151550
dn17a	cornell2017	282 set	277	dn17a#IDS91	148085104	7919339	4752317	6.5	148957
dn17a	cornell2017	282 set	277	dn17a#Il101	105923725	6853585	4012085	5	147418
dn17a	cornell2017	282 set	277	dn17a#Il14H	138469624	8063533	5232390	6.6	149255
dn17a	cornell2017	282 set	277	dn17a#ILLHy	219694341	6148324	4649900	7	130197
dn17a	cornell2017	282 set	277	dn17a#K148	83627525	5966235	3544184	4.2	134156
dn17a	cornell2017	282 set	277	dn17a#K4	189352103	6882851	4387994	6.1	159338
dn17a	cornell2017	282 set	277	dn17a#K55	97138944	5932864	3555888	4.5	122575
dn17a	cornell2017	282 set	277	dn17a#K64	89367335	5433322	2945488	4	120659
dn17a	cornell2017	282 set	277	dn17a#Ki11	139660749	8088590	4004914	5.8	174899
dn17a	cornell2017	282 set	277	dn17a#Ki14	99839019	6733034	3808696	4.6	139540
dn17a	cornell2017	282 set	277	dn17a#Ki2021	93217458	6225078	3637770	4.4	133190
dn17a	cornell2017	282 set	277	dn17a#Ki21	167457959	8058183	4438956	7.4	158076
dn17a	cornell2017	282 set	277	dn17a#KI3	217545045	8094422	3276459	6.4	204566
dn17a	cornell2017	282 set	277	dn17a#Ki43	192055317	7843549	5286933	6.8	165307
dn17a	cornell2017	282 set	277	dn17a#Ki44	101293504	7040420	4388281	5	147636
dn17a	cornell2017	282 set	277	dn17a#Ky21	134921108	6742196	4482539	6.1	135921
dn17a	cornell2017	282 set	277	dn17a#KY226	99932259	5629416	3129277	4.5	125348
dn17a	cornell2017	282 set	277	dn17a#KY228	220396824	7841413	5592462	7.6	142714
dn17a	cornell2017	282 set	277	dn17a#L317	85775696	5940965	3549073	4.3	117410
dn17a	cornell2017	282 set	277	dn17a#L578	141055632	6931061	5331869	6.8	136512
dn17a	cornell2017	282 set	277	dn17a#M14	165112872	6503427	4775900	6.1	132743
dn17a	cornell2017	282 set	277	dn17a#M162W	148187525	8015493	5052976	6.6	144529
dn17a	cornell2017	282 set	277	dn17a#M37W	127233461	7261892	4014564	5.5	152926
dn17a	cornell2017	282 set	277	dn17a#MEF156-55-2	228868433	8367450	5741383	7.9	159354
dn17a	cornell2017	282 set	277	dn17a#Mo17	151249660	7633935	4951141	6.8	133782
dn17a	cornell2017	282 set	277	dn17a#Mo18W	107505268	6311674	3623830	5.5	137898
dn17a	cornell2017	282 set	277	dn17a#MO1W	117868045	6763687	4256016	5.6	126866
dn17a	cornell2017	282 set	277	dn17a#Mo24W	162853324	5204289	3074057	5	155620
dn17a	cornell2017	282 set	277	dn17a#Mo44	81074133	3732292	1721323	3.2	109270
dn17a	cornell2017	282 set	277	dn17a#Mo45	84090550	5382686	3182806	4.1	110714
dn17a	cornell2017	282 set	277	dn17a#Mo46	127321154	6497563	4526410	5.8	130558
dn17a	cornell2017	282 set	277	dn17a#Mo47	143907027	6978233	5254747	6.6	125599
dn17a	cornell2017	282 set	277	dn17a#MoG	153104635	6601039	3860412	5.2	158907
dn17a	cornell2017	282 set	277	dn17a#Mp339	169909311	6929445	4255450	5.7	162039
dn17a	cornell2017	282 set	277	dn17a#MS1334	225081055	7802642	5786479	7.9	145985
dn17a	cornell2017	282 set	277	dn17a#MS153	107892178	5721585	3837828	4.9	125136
dn17a	cornell2017	282 set	277	dn17a#Ms71	287856379	9587256	9964864	18	91579
dn17a	cornell2017	282 set	277	dn17a#Mt42	225344140	8080106	5852321	7.9	151830
dn17a	cornell2017	282 set	277	dn17a#N192	149313775	1805155	1992104	6.3	30014
dn17a	cornell2017	282 set	277	dn17a#N28Ht	89210283	4751381	3080148	4.3	93825
dn17a	cornell2017	282 set	277	dn17a#N6	194491036	8217683	6860116	9.4	134620
dn17a	cornell2017	282 set	277	dn17a#N7A	83451544	2454326	453051	2.5	96467
dn17a	cornell2017	282 set	277	dn17a#NC222	152196093	7848862	5868474	6.8	143284
dn17a	cornell2017	282 set	277	dn17a#NC230	189497706	6929621	4895221	6.6	150657
dn17a	cornell2017	282 set	277	dn17a#NC232	111440288	6408292	3677097	4.7	143933
dn17a	cornell2017	282 set	277	dn17a#NC236	111945580	6162646	3961310	5	130971
dn17a	cornell2017	282 set	277	dn17a#NC238	100371713	5891612	3909021	4.9	124769
dn17a	cornell2017	282 set	277	dn17a#NC250	179615795	6380001	3881252	5.8	152827
dn17a	cornell2017	282 set	277	dn17a#NC258	202203470	7527234	5719562	7.1	148268
dn17a	cornell2017	282 set	277	dn17a#NC260	191694661	7073951	4603284	6.6	145728
dn17a	cornell2017	282 set	277	dn17a#NC262	188839117	8069688	7352867	8.9	116671
dn17a	cornell2017	282 set	277	dn17a#NC264	133237404	7980749	5615316	6.2	156071
dn17a	cornell2017	282 set	277	dn17a#NC290A	93324363	5634830	3428476	4.4	115840
dn17a	cornell2017	282 set	277	dn17a#NC294	126730993	2818199	2600897	5.5	51945
dn17a	cornell2017	282 set	277	dn17a#NC296A	141868441	5030244	2959109	5.4	160464
dn17a	cornell2017	282 set	277	dn17a#NC296	219391545	7375522	4530586	6.3	211417
dn17a	cornell2017	282 set	277	dn17a#NC298	165599255	7167868	2311259	4.9	215586
dn17a	cornell2017	282 set	277	dn17a#NC300	106053553	7029385	3923934	4.7	166527
dn17a	cornell2017	282 set	277	dn17a#NC302	240226576	7535527	5027594	7.3	197586
dn17a	cornell2017	282 set	277	dn17a#NC304	102848545	6726461	3584610	4.6	146860
dn17a	cornell2017	282 set	277	dn17a#NC306	154341169	2883726	2698847	6.9	42671
dn17a	cornell2017	282 set	277	dn17a#NC310	170894577	1708469	1825694	7.2	21909
dn17a	cornell2017	282 set	277	dn17a#NC314	134854588	3855566	3709473	5.9	73576
dn17a	cornell2017	282 set	277	dn17a#NC318	95843821	6726289	4344535	5	136600
dn17a	cornell2017	282 set	277	dn17a#NC320	94283361	6636116	4329071	4.9	135936
dn17a	cornell2017	282 set	277	dn17a#NC324	126016142	4528423	3283135	5.4	83262
dn17a	cornell2017	282 set	277	dn17a#NC326	169439338	509918	832284	6.5	7771
dn17a	cornell2017	282 set	277	dn17a#NC328	181483837	1405650	1507689	7	20392
dn17a	cornell2017	282 set	277	dn17a#NC336	120137912	7287552	4447832	5.3	140366
dn17a	cornell2017	282 set	277	dn17a#NC338	202687496	8108278	5622547	7	168507
dn17a	cornell2017	282 set	277	dn17a#NC33	139897582	7756684	5876080	6.6	140374
dn17a	cornell2017	282 set	277	dn17a#NC340	143024587	8459160	5960863	6.5	161717
dn17a	cornell2017	282 set	277	dn17a#NC342	86659820	5472436	3075593	4.1	110620
dn17a	cornell2017	282 set	277	dn17a#NC344	89996721	4507959	2007873	3.4	129483
dn17a	cornell2017	282 set	277	dn17a#NC346	261025177	8198776	5225073	7.4	192712
dn17a	cornell2017	282 set	277	dn17a#NC348	185959312	7868410	5135230	6.5	188197
dn17a	cornell2017	282 set	277	dn17a#NC350	138190097	7592581	5136155	6.3	154521
dn17a	cornell2017	282 set	277	dn17a#NC352	219915443	7076035	3900569	5.7	209018
dn17a	cornell2017	282 set	277	dn17a#NC354	120953089	7697958	5209534	5.7	152176
dn17a	cornell2017	282 set	277	dn17a#NC356	216565609	7499180	4450067	6.1	205737
dn17a	cornell2017	282 set	277	dn17a#NC358	120179573	7115756	4174573	5.6	151674
dn17a	cornell2017	282 set	277	dn17a#NC360	155787452	6821818	3809523	5.2	167484
dn17a	cornell2017	282 set	277	dn17a#NC362	236184611	7284018	4894554	7.4	186014
dn17a	cornell2017	282 set	277	dn17a#NC364	226036298	7123983	4222613	6.2	196250
dn17a	cornell2017	282 set	277	dn17a#NC366	160301773	6735594	4245095	5.5	168047
dn17a	cornell2017	282 set	277	dn17a#NC368	127057446	2996845	2753639	5.7	54110
dn17a	cornell2017	282 set	277	dn17a#ND246	110104968	6505904	3934039	4.9	133735
dn17a	cornell2017	282 set	277	dn17a#Oh40B	149670922	7670107	4818581	6.5	143913
dn17a	cornell2017	282 set	277	dn17a#Oh43E	146459497	7444677	4344794	6.4	137590
dn17a	cornell2017	282 set	277	dn17a#Oh43	217898587	8429517	7431214	10.7	114756
dn17a	cornell2017	282 set	277	dn17a#Oh603	119270091	6402988	4219550	5.4	142065
dn17a	cornell2017	282 set	277	dn17a#OH7B	153934878	7135649	4278165	6.6	135203
dn17a	cornell2017	282 set	277	dn17a#Os420	246472792	7815392	6960207	9.7	108865
dn17a	cornell2017	282 set	277	dn17a#P39Goodman-Buckler	121600473	7765376	4399523	5.6	165168
dn17a	cornell2017	282 set	277	dn17a#Pa762	169772073	6862787	4580296	5.9	163571
dn17a	cornell2017	282 set	277	dn17a#Pa875	89144809	5369040	2799983	3.9	123564
dn17a	cornell2017	282 set	277	dn17a#Pa880	88281619	5409347	3205373	4.2	112092
dn17a	cornell2017	282 set	277	dn17a#Pa91	132003565	6553202	4708239	5.9	135788
dn17a	cornell2017	282 set	277	dn17a#R109B	171737506	6536339	2340337	4.9	198290
dn17a	cornell2017	282 set	277	dn17a#R168	123474804	4306133	5543517	4.8	144309
dn17a	cornell2017	282 set	277	dn17a#R177	238715512	8072398	5970615	7.9	158051
dn17a	cornell2017	282 set	277	dn17a#R229	147840515	872599	983991	5.8	18403
dn17a	cornell2017	282 set	277	dn17a#R4	152044693	6128547	3897831	5.4	140390
dn17a	cornell2017	282 set	277	dn17a#SA24	131483961	6720203	4083822	5.1	159094
dn17a	cornell2017	282 set	277	dn17a#SC213R	101126386	6555027	3804885	4.7	131133
dn17a	cornell2017	282 set	277	dn17a#SC357	196985410	7345580	5144887	6.9	145350
dn17a	cornell2017	282 set	277	dn17a#SC55	123027616	7113188	5116750	6.1	148640
dn17a	cornell2017	282 set	277	dn17a#SD40	191283809	6339593	4907071	6.7	126180
dn17a	cornell2017	282 set	277	dn17a#SD44	68830988	3340477	1355799	2.8	89545
dn17a	cornell2017	282 set	277	dn17a#Sg1533	235191927	7690973	6540330	9.2	144606
dn17a	cornell2017	282 set	277	dn17a#Sg18	132679144	6896634	4966503	6	131821
dn17a	cornell2017	282 set	277	dn17a#T232	129179893	6705337	4486941	5.6	126386
dn17a	cornell2017	282 set	277	dn17a#T234	191896047	6989133	4874635	6.6	144764
dn17a	cornell2017	282 set	277	dn17a#T8	229128440	7948405	5941269	8	147745
dn17a	cornell2017	282 set	277	dn17a#Tx303	149646684	8099035	5266532	6.8	140509
dn17a	cornell2017	282 set	277	dn17a#Tx601	112344162	7201583	4488914	5.4	145927
dn17a	cornell2017	282 set	277	dn17a#Tzi10	145297108	7961712	6239019	6.4	162571
dn17a	cornell2017	282 set	277	dn17a#Tzi11	108885920	7181596	4859545	5.3	146436
dn17a	cornell2017	282 set	277	dn17a#Tzi16	266678701	7494513	4733637	7.2	181749
dn17a	cornell2017	282 set	277	dn17a#Tzi18	231487852	6669027	4855941	8.8	211358
dn17a	cornell2017	282 set	277	dn17a#Tzi25	237962734	6141060	4001854	6.3	159920
dn17a	cornell2017	282 set	277	dn17a#Tzi8	88599835	5962421	3628584	4.2	130307
dn17a	cornell2017	282 set	277	dn17a#Tzi9	119683127	7635234	5195413	5.8	165815
dn17a	cornell2017	282 set	277	dn17a#U267Y	185231451	7578665	4608703	6.1	172041
dn17a	cornell2017	282 set	277	dn17a#VA102	140817263	7266698	4989339	6.5	138896
dn17a	cornell2017	282 set	277	dn17a#Va14	59639691	2918900	967861	2.5	77869
dn17a	cornell2017	282 set	277	dn17a#Va17	123871101	5130565	4864778	4.9	138022
dn17a	cornell2017	282 set	277	dn17a#Va22	132092497	5981161	3808674	5.1	148688
dn17a	cornell2017	282 set	277	dn17a#Va26	125407127	6330229	4141417	5.4	131475
dn17a	cornell2017	282 set	277	dn17a#Va35	121474761	6839719	4834048	6	130338
dn17a	cornell2017	282 set	277	dn17a#Va59	232873193	7884153	5862787	8	153949
dn17a	cornell2017	282 set	277	dn17a#Va85	135960492	6329891	3684079	4.9	150858
dn17a	cornell2017	282 set	277	dn17a#Va99	130623197	5435129	4920737	5.5	132107
dn17a	cornell2017	282 set	277	dn17a#VaW6	282318458	9586188	12251650	22.4	90612
dn17a	cornell2017	282 set	277	dn17a#W117Ht	107853628	5387460	2660180	3.9	146776
dn17a	cornell2017	282 set	277	dn17a#W153R	130140931	6114663	3454067	4.7	148513
dn17a	cornell2017	282 set	277	dn17a#W182B	141903906	5423900	3502098	5.3	144043
dn17a	cornell2017	282 set	277	dn17a#W22	236132877	8508429	8227515	12.5	102902
dn17a	cornell2017	282 set	277	dn17a#W64A	187310912	7818082	5482029	8.2	125288
dn17a	cornell2017	282 set	277	dn17a#WD	214032192	7755896	3149819	6.4	189593
dn17a	cornell2017	282 set	277	dn17a#Wf9	145122639	7008329	4730955	6.6	126065
dn17a	cornell2017	282 set	277	dn17a#Yu796	178606069	5561754	3008918	4.8	174093
dn17b	cornell2017	hapmap3	598	dn17b#ZEAxppRDQDIAAPEI-3	206349544	6485104	3240982	7.7	102565
dn17b	cornell2017	hapmap3	598	dn17b#ZEAxujRADDIBAPE	267762632	5430988	2787655	10.1	66676
dn17b	cornell2017	hapmap3	598	dn17b#ZEAxppRDLDIAAPEI-2	194493271	6918588	10184162	6.8	286185
dn17b	cornell2017	hapmap3	598	dn17b#ZEAxujRAGDIBAPE	237896657	7519498	3286807	9.5	96849
dn17b	cornell2017	hapmap3	598	dn17b#ZEAhwcRAXDIAAPE	97762109	8275329	2239292	5.2	194371
dn17b	cornell2017	hapmap3	598	dn17b#MAIdgiRCCDIAAPEI-10	256574410	8206977	4133281	11	111623
dn17b	cornell2017	hapmap3	598	dn17b#MAIdgiRAWDIAAPEI-5	264211171	8251413	4129056	11	112395
dn17b	cornell2017	hapmap3	598	dn17b#MAIdgiRAXDIAAPEI-6	274213941	7499683	4534080	11.1	99861
dn17b	cornell2017	hapmap3	598	dn17b#MAIdgiRAYDIAAPEI-7	259234965	8155887	4115737	10.8	102304
dn17b	cornell2017	hapmap3	598	dn17b#ZEAxppRDCDIAAPEI-7	205627857	6557339	2630842	7.8	103532
dn17b	cornell2017	hapmap3	598	dn17b#ZEAxppRDCDIAAPEI-2	32897601	842142	78586	1.5	19316
dn17b	cornell2017	hapmap3	598	dn17b#ZEAxppRDGDIAAPEI-11	126065621	6277350	1736775	5.2	268014
dn17b	cornell2017	hapmap3	598	dn17b#ZEAxppRDHDIAAPEI-12	207686677	7029275	2874071	8.5	111359
dn17b	cornell2017	hapmap3	598	dn17b#ZEAxppRDIDIAAPEI-1	186760579	7683358	2823709	7.6	133730
dn17b	cornell2017	hapmap3	598	dn17b#ZEAxppRADDIAAPEI-4	186342661	7231813	2690064	7.1	118799
dn17b	cornell2017	hapmap3	598	dn17b#ZEAxujRAZDIAAPE	248220781	4268440	8167849	9.3	68222
dn17b	cornell2017	hapmap3	598	dn17b#ZEAxujRAYDIAAPE	238909974	6636549	3016936	9.7	88386
dn17b	cornell2017	hapmap3	598	dn17b#ZEAxujRAXDIAAPE	242691205	7769247	3543187	10.2	101621
dn17b	cornell2017	hapmap3	598	dn17b#MAIdgiRCIDIAAPEI-7	257178973	7136492	3509774	10.8	96657
dn17b	cornell2017	hapmap3	598	dn17b#MAIdgiRCKDIAAPEI-9	247540482	7686296	4245457	10.4	117161
dn17b	cornell2017	hapmap3	598	dn17b#ZEAxppRCWDIAAPEI-3	176935624	6613555	3996065	7.1	153498
dn17b	cornell2017	hapmap3	598	dn17b#ZEAxppRCXDIAAPEI-4	162674406	7404666	2551572	6.8	191370
dn17b	cornell2017	hapmap3	598	dn17b#ZEAxppRCUDIAAPEI-1	193310456	7713174	3068098	8.4	128345
dn17b	cornell2017	hapmap3	598	dn17b#ZEAxppRCVDIAAPEI-2	190507594	7112990	3388972	8.3	137426
dn17b	cornell2017	hapmap3	598	dn17b#ZEAxppRCYDIAAPEI-5	216589563	6040757	2631195	8.7	86886
dn17b	cornell2017	hapmap3	598	dn17b#ZEAxujRBCDIBAPE	230290499	6913680	2761695	9.1	93387
dn17b	cornell2017	hapmap3	598	dn17b#ZEAxujRBADIAAPE	249587637	5800426	2637399	9.9	76444
dn17b	cornell2017	hapmap3	598	dn17b#ZEAxujRBBDIAAPE	223959773	7308760	3065249	9.5	99556
dn17b	cornell2017	hapmap3	598	dn17b#MAIdgiRAPDIAAPEI-12	267866638	8294919	4177029	11.2	109721
dn17b	cornell2017	hapmap3	598	dn17b#MAIdgiRAODIAAPEI-11	246805596	8171855	4084127	10.9	106960
dn17b	cornell2017	hapmap3	598	dn17b#MAIdgiRAMDIAAPEI-10	248007574	8124950	3969204	10.6	109704
dn17b	cornell2017	hapmap3	598	dn17b#MAIdgiRAKDIAAPEI-9	256472837	8317066	4318277	11.2	110663
dn17b	cornell2017	hapmap3	598	dn17b#MAIdgiRABDIAAPEI-2	265422008	7129892	3430603	10.7	93674
dn17b	cornell2017	hapmap3	598	dn17b#ZEAxujRAWDIAAPE	251164259	5130623	2335935	9	71438
dn17b	cornell2017	hapmap3	598	dn17b#MAIdgiRACDIAAPEI-3	237905382	7968429	3680979	9.8	106574
dn17b	cornell2017	hapmap3	598	dn17b#MAIdgiRAEDIAAPEI-4	226723429	7779789	3563262	9.7	111709
dn17b	cornell2017	hapmap3	598	dn17b#ZEAxujRAVDIAAPE	216442012	7358587	3123922	8.8	103529
dn17b	cornell2017	hapmap3	598	dn17b#MAIdgiRAADIAAPEI-1	246094743	7972054	3662212	10	107064
dn17b	cornell2017	hapmap3	598	dn17b#ZEAxppRCODIAAPEI-9	251653259	7289186	3376249	10.6	122105
dn17b	cornell2017	hapmap3	598	dn17b#ZEAxppRCJDIAAPEI-7	216328977	7686451	3275488	8.9	105846
dn17b	cornell2017	hapmap3	598	dn17b#ZEAxppRCQDIAAPEI-11	270232222	7002451	3763631	11	88148
dn17b	cornell2017	hapmap3	598	dn17b#ZEAxppRCPDIAAPEI-10	310384126	5062418	2767718	12.3	57587
dn17b	cornell2017	hapmap3	598	dn17b#ZEAxujRAUDIAAPE	229008983	7390599	3415013	9.4	100840
dn17b	cornell2017	hapmap3	598	dn17b#ZEAxujRATDIAAPE	224965375	7189585	3000305	9.2	100993
dn17b	cornell2017	hapmap3	598	dn17b#ZEAxujRASDIAAPE	245055642	7880679	3441350	10.4	98846
dn17b	cornell2017	hapmap3	598	dn17b#ZEAxujRARDIAAPE	229792096	7558839	3166290	9.4	101369
dn17b	cornell2017	hapmap3	598	dn17b#MAIdgiRAVDIAAPEI-4	272020009	8320516	4294734	11.9	102271
dn17b	cornell2017	hapmap3	598	dn17b#MAIdgiRARDIAAPEI-1	253278038	8082980	3947010	10.5	113022
dn17b	cornell2017	hapmap3	598	dn17b#MAIdgiRASDIAAPEI-2	255921757	7984892	3889162	10.5	104462
dn17b	cornell2017	hapmap3	598	dn17b#ZEAxppRCHDIAAPEI-6	222221691	7959482	3456530	9.2	107607
dn17b	cornell2017	hapmap3	598	dn17b#ZEAxppRCGDIAAPEI-5	185628299	7238907	2811270	7.7	151196
dn17b	cornell2017	hapmap3	598	dn17b#ZEAxppRCFDIAAPEI-4	222752788	7837282	3548485	9.5	108349
dn17b	cornell2017	hapmap3	598	dn17b#ZEAxppRCDDIAAPEI-12	215046975	7382249	3024015	8.6	108455
dn17b	cornell2017	hapmap3	598	dn17b#ZEAxppRCBDIAAPEI-3	221324665	7851933	3416103	9.3	108487
dn17b	cornell2017	hapmap3	598	dn17b#ZEAxppRBHDIAAPEI-5	41530475	221084	36411	1.6	5873
dn17b	cornell2017	hapmap3	598	dn17b#ZEAxppRBHDIAAPEI-1	228808006	1226394	677456	7	23630
dn17b	cornell2017	hapmap3	598	dn17b#ZEAxppRBFDIAAPEI-3	365982231	2591052	1652536	12.9	28325
dn17b	cornell2017	hapmap3	598	dn17b#ZEAxppRBCDIAAPEI-2	211390763	6348610	2588552	8.4	101091
dn17b	cornell2017	hapmap3	598	dn17b#ZEAxppRAZDIAAPEI-7	193482415	7199960	2774811	7.7	118892
dn17b	cornell2017	hapmap3	598	dn17b#ZEAxujRAQDIAAPE	234265658	6950467	2968313	9.5	94262
dn17b	cornell2017	hapmap3	598	dn17b#ZEAxujRAPDIAAPE	244096214	6983762	3107889	10.1	90969
dn17b	cornell2017	hapmap3	598	dn17b#ZEAxppRBYDIAAPEI-2	241861721	8044993	3791332	11	110032
dn17b	cornell2017	hapmap3	598	dn17b#ZEAxppRBXDIAAPEI-1	201350404	7606158	3120224	8.4	112338
dn17b	cornell2017	hapmap3	598	dn17b#ZEAxppRBSDIAAPEI-4	374681853	1443851	1045896	12.6	13720
dn17b	cornell2017	hapmap3	598	dn17b#ZEAxppRBUDIAAPEI-5	292702203	21844	139816	8.8	306
dn17b	cornell2017	hapmap3	598	dn17b#ZEAxppRBRDIAAPEI-3	333316501	5193599	2879605	12.9	59071
dn17b	cornell2017	hapmap3	598	dn17b#ZEAxppRBMDIAAPEI-6	216785901	5678092	2350738	8	90314
dn17b	cornell2017	hapmap3	598	dn17b#ZEAxppRBLDIAAPEI-2	250084266	818864	521285	7.6	13155
dn17b	cornell2017	hapmap3	598	dn17b#ZEAxujRAODIBAPE	269299074	5418044	2644679	10.6	65298
dn17b	cornell2017	hapmap3	598	dn17b#ZEAxujRANDIBAPE	271421529	7014781	3267578	11.1	84137
dn17b	cornell2017	hapmap3	598	dn17b#ZEAxujRAMDIBAPE	267880950	6180829	2842572	10.6	74645
dn17b	cornell2017	hapmap3	598	dn17b#MAIdgiRAIDIAAPEI-6	245868601	8238147	3937082	10.3	107825
dn17b	cornell2017	hapmap3	598	dn17b#MAIdgiRAGDIAAPEI-5	250019723	7873934	3756002	10.2	104823
dn17b	cornell2017	hapmap3	598	dn17b#ZEAxujRAKDIBAPE	253054613	7919184	3562943	10.7	101659
dn17b	cornell2017	hapmap3	598	dn17b#ZEAxujRALDIBAPE	297363411	3907613	2062216	10.9	45128
dn17b	cornell2017	hapmap3	598	dn17b#ZEAxppRAFDIAAPEI-5	199307095	6986017	2661053	7.6	104078
dn17b	cornell2017	hapmap3	598	dn17b#ZEAxppRAFDIAAPEI-1	34177901	1010901	93116	1.6	22794
dn17b	cornell2017	hapmap3	598	dn17b#ZEAxppRADDIAAPEI-7	41465658	1440073	164448	1.8	34073
dn17b	cornell2017	hapmap3	598	dn17b#ZEAxppRAJDIAAPEI-7	179144193	7054286	2521491	6.8	115337
dn17b	cornell2017	hapmap3	598	dn17b#ZEAxppRAHDIAAPEI-6	202577423	7221780	2861283	7.9	112421
dn17b	cornell2017	hapmap3	598	dn17b#ZEAxppRALDIAAPEI-9	192160303	7033004	2698389	7.6	111826
dn17b	cornell2017	hapmap3	598	dn17b#ZEAxujRAJDIBAPE	213916347	6796257	2742008	8.4	98870
dn17b	cornell2017	hapmap3	598	dn17b#ZEAxujRAHDIBAPE	265941400	7296356	3387847	10.7	91199
dn17b	cornell2017	hapmap3	598	dn17b#ZEAxujRBDDIBAPE	221432897	4491770	6805257	8.3	78845
dn17b	cornell2017	hapmap3	598	dn17b#ZEAxujRBFDIBAPE	208330377	6873562	2775114	8.2	98601
dn17b	cornell2017	hapmap3	598	dn17b#ZEAxppRAUDIAAPEI-1	184593983	6597301	2422602	7.3	109108
dn17b	cornell2017	hapmap3	598	dn17b#ZEAxppRAQDIAAPEI-11	190210860	6694651	2958055	7.3	116531
dn17b	cornell2017	hapmap3	598	dn17b#ZEAxppRATDIAAPEI-12	204458760	7442648	2919544	8.3	111925
dn17b	cornell2017	hapmap3	598	dn17b#ZEAxppRANDIAAPEI-10	193334592	7314977	2736970	7.5	113134
dn17b	cornell2017	hapmap3	598	dn17b#CML247	118688608	8325740	5321644	6.3	133963
dn17b	cornell2017	hapmap3	598	dn17b#NC358	106427825	7495080	4299350	5.5	133711
dn17b	cornell2017	hapmap3	598	dn17b#MO18W	157084505	8780432	7049873	8.8	110176
dn17b	cornell2017	hapmap3	598	dn17b#Oh40B	148451171	8158268	6482201	8.2	101370
dn17b	cornell2017	hapmap3	598	dn17b#P39	113852218	8081112	5096198	6.1	133189
dn17b	cornell2017	hapmap3	598	dn17b#CML322	112114086	7722682	4907776	6.1	121691
dn17b	cornell2017	hapmap3	598	dn17b#KI3	277693610	9441598	8449809	14.6	66425
dn17b	cornell2017	hapmap3	598	dn17b#CML52	176321807	9253516	7500228	9.5	125793
dn17b	cornell2017	hapmap3	598	dn17b#Il14H	112482919	7929534	5072691	6.2	124209
dn17b	cornell2017	hapmap3	598	dn17b#A272	161882969	9336342	8044126	10.1	93218
dn17b	cornell2017	hapmap3	598	dn17b#CML103	293868902	9349164	9838496	18.1	61710
dn17b	cornell2017	hapmap3	598	dn17b#CML228	97685095	7381207	4489101	5.5	118102
dn17b	cornell2017	hapmap3	598	dn17b#CML333	166007312	8703694	7086443	9.1	117793
dn17b	cornell2017	hapmap3	598	dn17b#HP301	156949197	8487807	6646846	9.1	108881
dn17b	cornell2017	hapmap3	598	dn17b#CML69	201674528	10697270	12819088	24.3	85402
dn17b	cornell2017	hapmap3	598	dn17b#Oh7B	109263462	6593211	4322192	5.8	103070
dn17b	cornell2017	hapmap3	598	dn17b#Oh43	134850269	7548448	5640154	7.2	104110
dn17b	cornell2017	hapmap3	598	dn17b#M37W	241911995	9851701	9692141	16.6	91096
dn17b	cornell2017	hapmap3	598	dn17b#M162W	131672531	8190210	5619180	7.1	118152
dn17b	cornell2017	hapmap3	598	dn17b#CML277	141844496	8745802	6071264	7.5	119919
dn17b	cornell2017	hapmap3	598	dn17b#Ms71	185230427	8347933	6999059	10.2	97731
dn17b	cornell2017	hapmap3	598	dn17b#Mo17	277015801	7888784	6552867	12.5	48177
dn17b	cornell2017	hapmap3	598	dn17b#Tx303	91720048	6712388	3978858	5	116169
dn17b	cornell2017	hapmap3	598	dn17b#TIL15	246560624	12338636	8545923	11.8	184075
dn17b	cornell2017	hapmap3	598	dn17b#TIL25-TIP489	157977789	11052633	4180558	7.4	183095
dn17b	cornell2017	hapmap3	598	dn17b#MM-1A	234341725	11007975	11979596	18.7	92649
dn17b	cornell2017	hapmap3	598	dn17b#W22	292311667	7638487	6330265	13.2	49468
dn17b	cornell2017	hapmap3	598	dn17b#Tzi8	121938060	7951796	5450901	6.7	119059
dn17b	cornell2017	hapmap3	598	dn17b#Ky21	134269834	7459903	5483653	7.1	110068
dn17b	cornell2017	hapmap3	598	dn17b#Tx601	163437010	8953405	7479702	9.7	96070
dn17b	cornell2017	hapmap3	598	dn17b#L578	111469141	7527324	5338115	6.7	92769
dn17b	cornell2017	hapmap3	598	dn17b#NC350	119579514	8131669	5369720	6.4	122215
dn17b	cornell2017	hapmap3	598	dn17b#Ki11	122967396	8293365	5602186	6.6	119913
dn17b	cornell2017	hapmap3	598	dn17b#Ki21	148879999	8490680	7012303	8.6	94214
dn17b	cornell2017	hapmap3	598	dn17b#N6	199820873	8836067	6534981	10.6	114907
dn17b	cornell2017	hapmap3	598	dn17b#TIL14-TIP498	155843086	10012909	3741487	6.7	157704
dn17b	cornell2017	hapmap3	598	dn17b#TIL09	166107714	10524174	5814271	7.9	132781
dn17b	cornell2017	hapmap3	598	dn17b#TIL10	241190694	11738940	8491652	11.4	127122
dn17b	cornell2017	hapmap3	598	dn17b#TIL03	194407791	10364449	5758577	9	127846
dn17b	cornell2017	hapmap3	598	dn17b#TIL05	198734344	10486180	5694720	9.8	132368
dn17b	cornell2017	hapmap3	598	dn17b#RIMMA0438-1	297040743	8042155	14714226	21.1	102710
dn17b	cornell2017	hapmap3	598	dn17b#TIL01-JD	184199329	10122534	6874482	8.8	117977
dn17b	cornell2017	hapmap3	598	dn17b#TIL11	191177673	10274808	6904084	9.8	98755
dn17b	cornell2017	hapmap3	598	dn17b#78599	58001333	2511287	408010	2.4	56794
dn17b	cornell2017	hapmap3	598	dn17b#Lo	26744166	678540	62606	1.4	12872
dn17b	cornell2017	hapmap3	598	dn17b#7026B	45076422	1352264	453660	2.1	30262
dn17b	cornell2017	hapmap3	598	dn17b#6	24764284	515645	66307	1.7	10150
dn17b	cornell2017	hapmap3	598	dn17b#6M502	33673955	1176443	249999	2	22646
dn17b	cornell2017	hapmap3	598	dn17b#A801	61206237	2233115	392307	2.5	53828
dn17b	cornell2017	hapmap3	598	dn17b#68139	49864432	1984012	283326	2.1	47768
dn17b	cornell2017	hapmap3	598	dn17b#98F1	35086789	289362	76587	2.2	5768
dn17b	cornell2017	hapmap3	598	dn17b#A619	20544127	290294	49696	1.3	5602
dn17b	cornell2017	hapmap3	598	dn17b#99122	38513681	798799	87495	1.6	21074
dn17b	cornell2017	hapmap3	598	dn17b#9702	52375754	1935040	293935	2.1	50227
dn17b	cornell2017	hapmap3	598	dn17b#96201	48095787	1664276	285036	2	36635
dn17b	cornell2017	hapmap3	598	dn17b#9710	38370591	1137775	135613	1.8	26714
dn17b	cornell2017	hapmap3	598	dn17b#9706	65030390	3180169	822454	3.2	54226
dn17b	cornell2017	hapmap3	598	dn17b#LH162	32354287	1023588	121129	1.7	19785
dn17b	cornell2017	hapmap3	598	dn17b#LH220Ht	20718840	359342	56820	1.7	6589
dn17b	cornell2017	hapmap3	598	dn17b#LH215	19981478	531153	63091	1.6	8946
dn17b	cornell2017	hapmap3	598	dn17b#LH60	44903550	2032928	553709	3.5	33442
dn17b	cornell2017	hapmap3	598	dn17b#LH59	38725122	1123319	138406	1.8	23728
dn17b	cornell2017	hapmap3	598	dn17b#LH295	25814898	1120981	252867	2.6	19049
dn17b	cornell2017	hapmap3	598	dn17b#LH65	26869683	779599	74576	1.5	14689
dn17b	cornell2017	hapmap3	598	dn17b#1313	28291984	616185	182299	2	14424
dn17b	cornell2017	hapmap3	598	dn17b#785	48944974	1290623	257084	2.2	30813
dn17b	cornell2017	hapmap3	598	dn17b#DH65232	62218615	2932443	716940	3	49117
dn17b	cornell2017	hapmap3	598	dn17b#DM101B	78940358	2856968	675726	3.1	58877
dn17b	cornell2017	hapmap3	598	dn17b#E200	32285272	1167965	125574	1.7	23312
dn17b	cornell2017	hapmap3	598	dn17b#E588	23933874	678658	57231	1.4	12585
dn17b	cornell2017	hapmap3	598	dn17b#E600	17029831	325475	19643	1.2	5469
dn17b	cornell2017	hapmap3	598	dn17b#E601	31130567	879540	98215	1.6	17380
dn17b	cornell2017	hapmap3	598	dn17b#ES40	73532991	4077201	928199	3.2	72984
dn17b	cornell2017	hapmap3	598	dn17b#F42	23092542	10511	9872	1.4	221
dn17b	cornell2017	hapmap3	598	dn17b#7146	42334212	1463778	189772	1.8	31498
dn17b	cornell2017	hapmap3	598	dn17b#LH132	58523966	401158	110181	2.3	8708
dn17b	cornell2017	hapmap3	598	dn17b#150-4	51681254	2256740	350073	2.2	49491
dn17b	cornell2017	hapmap3	598	dn17b#1614	55189315	1641208	278137	2.3	35847
dn17b	cornell2017	hapmap3	598	dn17b#17564	73452502	3734778	898038	3.3	65469
dn17b	cornell2017	hapmap3	598	dn17b#1538	61567612	2281864	405243	2.4	47461
dn17b	cornell2017	hapmap3	598	dn17b#1610	31585633	727608	85729	1.6	18413
dn17b	cornell2017	hapmap3	598	dn17b#196	24118394	770087	73304	1.5	15461
dn17b	cornell2017	hapmap3	598	dn17b#200-24-13413	71568782	2780168	668896	2.7	68277
dn17b	cornell2017	hapmap3	598	dn17b#18-599	23062690	719578	79198	1.8	12049
dn17b	cornell2017	hapmap3	598	dn17b#18	37415990	1083791	303169	3	20997
dn17b	cornell2017	hapmap3	598	dn17b#LP1	15930063	229113	20129	1.2	3382
dn17b	cornell2017	hapmap3	598	dn17b#2005-4	23592879	584917	53702	1.4	10803
dn17b	cornell2017	hapmap3	598	dn17b#743	19114916	133493	20015	1.3	2738
dn17b	cornell2017	hapmap3	598	dn17b#72-125	48422844	2433029	475169	2.6	43541
dn17b	cornell2017	hapmap3	598	dn17b#7236	27914118	730409	72879	1.5	14520
dn17b	cornell2017	hapmap3	598	dn17b#LH128	56582216	2752690	617400	2.6	49788
dn17b	cornell2017	hapmap3	598	dn17b#740	16152113	398097	34249	1.3	5600
dn17b	cornell2017	hapmap3	598	dn17b#M1016	18917236	422392	35212	1.4	7985
dn17b	cornell2017	hapmap3	598	dn17b#M9	26367966	853797	108716	1.6	19919
dn17b	cornell2017	hapmap3	598	dn17b#91huang15	22064556	539456	53541	1.4	10111
dn17b	cornell2017	hapmap3	598	dn17b#91huang5	58746140	1827725	566930	2.3	50425
dn17b	cornell2017	hapmap3	598	dn17b#926	35809187	1279919	124781	1.7	29241
dn17b	cornell2017	hapmap3	598	dn17b#928	37551612	1380407	153336	1.7	29817
dn17b	cornell2017	hapmap3	598	dn17b#92huang40	41141422	1629798	394254	2.9	26919
dn17b	cornell2017	hapmap3	598	dn17b#953	38288558	1014823	124854	1.7	20158
dn17b	cornell2017	hapmap3	598	dn17b#LH123HT	15414793	271582	24432	1.2	6412
dn17b	cornell2017	hapmap3	598	dn17b#D978	22983187	489891	49958	1.4	9886
dn17b	cornell2017	hapmap3	598	dn17b#GN4095	50605242	1887595	280583	2	46989
dn17b	cornell2017	hapmap3	598	dn17b#Feb-48	48395302	2147001	314739	2.1	47131
dn17b	cornell2017	hapmap3	598	dn17b#FR14	53194812	1385080	246935	2.4	30354
dn17b	cornell2017	hapmap3	598	dn17b#D892	27713649	770207	74963	1.5	15205
dn17b	cornell2017	hapmap3	598	dn17b#FBHJ	17623923	295954	21847	1.3	7821
dn17b	cornell2017	hapmap3	598	dn17b#FAP1360A	19895090	515513	53015	1.5	9704
dn17b	cornell2017	hapmap3	598	dn17b#F939	69533641	3034134	764795	3.1	52575
dn17b	cornell2017	hapmap3	598	dn17b#F7	81535201	4437209	965457	3.3	90473
dn17b	cornell2017	hapmap3	598	dn17b#F7584	26802855	684022	60102	1.4	13925
dn17b	cornell2017	hapmap3	598	dn17b#DF24	46695658	187629	92882	1.9	5034
dn17b	cornell2017	hapmap3	598	dn17b#LH146HT	4465476	20295	1057	0.9	251
dn17b	cornell2017	hapmap3	598	dn17b#DF20	70010311	772334	273515	3.3	13073
dn17b	cornell2017	hapmap3	598	dn17b#DF32	20082662	508696	35128	1.3	8696
dn17b	cornell2017	hapmap3	598	dn17b#LH143	53651825	1718462	320183	2.3	40568
dn17b	cornell2017	hapmap3	598	dn17b#4N506	23547424	189263	31628	1.4	3725
dn17b	cornell2017	hapmap3	598	dn17b#DF27	61159258	2864252	659685	3	53588
dn17b	cornell2017	hapmap3	598	dn17b#DH138	20556615	517366	44311	1.4	7980
dn17b	cornell2017	hapmap3	598	dn17b#68202	65038864	2212236	541664	2.8	45421
dn17b	cornell2017	hapmap3	598	dn17b#75-24	34313022	1509881	234208	2.1	28701
dn17b	cornell2017	hapmap3	598	dn17b#9101-7	26002326	498612	66026	1.4	9906
dn17b	cornell2017	hapmap3	598	dn17b#8982	50161495	1924340	270384	2.1	48599
dn17b	cornell2017	hapmap3	598	dn17b#897	52422732	2325380	581643	2.3	51075
dn17b	cornell2017	hapmap3	598	dn17b#8701	28814982	811695	88964	1.6	16532
dn17b	cornell2017	hapmap3	598	dn17b#87001	42900616	1770442	226409	1.9	38331
dn17b	cornell2017	hapmap3	598	dn17b#La2-4	91329565	1781097	673827	2.9	46954
dn17b	cornell2017	hapmap3	598	dn17b#LP5	78301589	879549	295789	2.9	16638
dn17b	cornell2017	hapmap3	598	dn17b#LH150	49550795	2160876	519742	2.8	39394
dn17b	cornell2017	hapmap3	598	dn17b#LM-2	19087912	494676	38005	1.3	8646
dn17b	cornell2017	hapmap3	598	dn17b#91huang10	51660039	2177715	368848	2.3	48808
dn17b	cornell2017	hapmap3	598	dn17b#D886	21132503	555719	46511	1.4	10295
dn17b	cornell2017	hapmap3	598	dn17b#D88	34554715	1167157	132753	1.7	24799
dn17b	cornell2017	hapmap3	598	dn17b#D857	65252253	2855719	769779	3.3	48426
dn17b	cornell2017	hapmap3	598	dn17b#D864	63484319	2723175	480796	2.5	60374
dn17b	cornell2017	hapmap3	598	dn17b#D854	21356479	498548	69204	1.6	8623
dn17b	cornell2017	hapmap3	598	dn17b#D856	39555488	1645595	197089	1.9	38074
dn17b	cornell2017	hapmap3	598	dn17b#D881	25631503	537015	66244	1.5	10210
dn17b	cornell2017	hapmap3	598	dn17b#D883	47579053	2060100	280776	2	46620
dn17b	cornell2017	hapmap3	598	dn17b#D869	22670881	375366	84895	1.4	8460
dn17b	cornell2017	hapmap3	598	dn17b#Los-6	46835384	805752	147176	1.9	20664
dn17b	cornell2017	hapmap3	598	dn17b#LIBC4	38436391	1663586	274488	2	35615
dn17b	cornell2017	hapmap3	598	dn17b#764	45555412	628764	165065	2.6	12728
dn17b	cornell2017	hapmap3	598	dn17b#78551S	43200828	1363475	259327	2.3	25435
dn17b	cornell2017	hapmap3	598	dn17b#84-126-15-1	60352362	2661338	702555	3.2	45827
dn17b	cornell2017	hapmap3	598	dn17b#83IBI3	27236303	994457	135897	1.7	14376
dn17b	cornell2017	hapmap3	598	dn17b#85bai64	68073200	2990256	912610	3.1	56219
dn17b	cornell2017	hapmap3	598	dn17b#LH208	49784612	958984	321344	2.4	16198
dn17b	cornell2017	hapmap3	598	dn17b#DH65232-DH9	47357973	2442106	414245	2.2	45460
dn17b	cornell2017	hapmap3	598	dn17b#DH40	58282840	2668776	629343	2.9	49517
dn17b	cornell2017	hapmap3	598	dn17b#D729	53072690	2523797	727954	3.4	45525
dn17b	cornell2017	hapmap3	598	dn17b#D801	52072917	1730425	423360	2.8	29080
dn17b	cornell2017	hapmap3	598	dn17b#D1049	41029270	1203527	146120	1.8	27921
dn17b	cornell2017	hapmap3	598	dn17b#D1051	27064310	877273	81089	1.5	15880
dn17b	cornell2017	hapmap3	598	dn17b#Cwu215B	46630801	1693563	267522	2.2	32431
dn17b	cornell2017	hapmap3	598	dn17b#D33A	32332647	1064251	111096	1.6	21845
dn17b	cornell2017	hapmap3	598	dn17b#D619	23101600	617288	52626	1.4	11392
dn17b	cornell2017	hapmap3	598	dn17b#D1139	76256637	2705999	540994	2.8	67717
dn17b	cornell2017	hapmap3	598	dn17b#D23	43287100	1663176	218094	1.9	37610
dn17b	cornell2017	hapmap3	598	dn17b#M3	68396475	2799817	624295	2.8	54002
dn17b	cornell2017	hapmap3	598	dn17b#Lo1125	16063790	353774	30813	1.3	5550
dn17b	cornell2017	hapmap3	598	dn17b#697	21410672	336478	137433	1.9	6099
dn17b	cornell2017	hapmap3	598	dn17b#M22	28683220	601571	58649	1.4	11262
dn17b	cornell2017	hapmap3	598	dn17b#5023	61200496	2926513	621193	2.8	53208
dn17b	cornell2017	hapmap3	598	dn17b#4936	39927615	1579336	204693	1.9	32789
dn17b	cornell2017	hapmap3	598	dn17b#4722	29192106	762218	63289	1.5	15263
dn17b	cornell2017	hapmap3	598	dn17b#M3736	56971681	2631292	442334	2.3	53706
dn17b	cornell2017	hapmap3	598	dn17b#444	53244620	2336557	532576	2.8	42915
dn17b	cornell2017	hapmap3	598	dn17b#441950	26535641	745708	69923	1.5	13522
dn17b	cornell2017	hapmap3	598	dn17b#468-3	19205392	308028	29609	1.3	6275
dn17b	cornell2017	hapmap3	598	dn17b#795	36021508	548371	108661	1.9	12836
dn17b	cornell2017	hapmap3	598	dn17b#79131	32609273	706847	202503	1.6	17386
dn17b	cornell2017	hapmap3	598	dn17b#802	46858514	1903634	272467	2.1	44428
dn17b	cornell2017	hapmap3	598	dn17b#806A	21146034	392421	32980	1.3	7176
dn17b	cornell2017	hapmap3	598	dn17b#82huangzao4	29298735	471178	72288	1.5	9656
dn17b	cornell2017	hapmap3	598	dn17b#811A	18946167	438409	32219	1.3	7877
dn17b	cornell2017	hapmap3	598	dn17b#832	44623962	895522	378924	3.6	15157
dn17b	cornell2017	hapmap3	598	dn17b#Lp215D	27487954	791664	100739	1.6	13922
dn17b	cornell2017	hapmap3	598	dn17b#CML58	61897054	3350153	683337	2.8	62154
dn17b	cornell2017	hapmap3	598	dn17b#CML125-2pianma	40407405	1812358	367955	2	35593
dn17b	cornell2017	hapmap3	598	dn17b#CT109	27794786	950172	103182	1.6	18152
dn17b	cornell2017	hapmap3	598	dn17b#CN104	21844850	544001	41536	1.4	9160
dn17b	cornell2017	hapmap3	598	dn17b#CT52C	104660757	4436112	1210698	4.2	97440
dn17b	cornell2017	hapmap3	598	dn17b#Co109	21778723	594701	71871	1.6	10561
dn17b	cornell2017	hapmap3	598	dn17b#1101	27304610	749375	66056	1.5	16305
dn17b	cornell2017	hapmap3	598	dn17b#1121	33862373	1263419	136132	1.7	23710
dn17b	cornell2017	hapmap3	598	dn17b#030-1	54936055	1441325	655222	2.2	40874
dn17b	cornell2017	hapmap3	598	dn17b#23590	33570408	1145608	128324	1.7	24344
dn17b	cornell2017	hapmap3	598	dn17b#L061M	26927773	754793	72240	1.5	14228
dn17b	cornell2017	hapmap3	598	dn17b#L069	50920548	2375572	432670	2.4	45703
dn17b	cornell2017	hapmap3	598	dn17b#1127	23969092	605292	66510	1.5	13424
dn17b	cornell2017	hapmap3	598	dn17b#L005	52671169	1943371	315580	2.1	52047
dn17b	cornell2017	hapmap3	598	dn17b#L05-6	34874348	646077	81832	1.6	15633
dn17b	cornell2017	hapmap3	598	dn17b#L061F	37362811	887326	190188	2	19837
dn17b	cornell2017	hapmap3	598	dn17b#K514	37569959	1493407	184591	1.8	31247
dn17b	cornell2017	hapmap3	598	dn17b#KP3130	28131819	933480	100119	1.6	17581
dn17b	cornell2017	hapmap3	598	dn17b#68122	66793941	3123806	718326	3	60818
dn17b	cornell2017	hapmap3	598	dn17b#680	22722738	583784	57753	1.4	9991
dn17b	cornell2017	hapmap3	598	dn17b#619	21999907	587893	66368	1.4	10857
dn17b	cornell2017	hapmap3	598	dn17b#624	51405859	1576828	239250	2.1	39881
dn17b	cornell2017	hapmap3	598	dn17b#5707	24689792	823235	91472	1.5	14590
dn17b	cornell2017	hapmap3	598	dn17b#5032	31801343	1092719	142386	1.8	19565
dn17b	cornell2017	hapmap3	598	dn17b#C103	78747921	2509445	1579694	3.5	54692
dn17b	cornell2017	hapmap3	598	dn17b#C13	59645445	2989213	805899	3.6	53839
dn17b	cornell2017	hapmap3	598	dn17b#C521	69896723	2602046	672830	2.6	63575
dn17b	cornell2017	hapmap3	598	dn17b#C8605-2	50372018	1069786	378530	2	30160
dn17b	cornell2017	hapmap3	598	dn17b#BS110	16725975	168824	17743	1.3	3293
dn17b	cornell2017	hapmap3	598	dn17b#BT1	64670996	2902301	898009	3.9	44380
dn17b	cornell2017	hapmap3	598	dn17b#LH119	27116317	160687	35701	1.5	2469
dn17b	cornell2017	hapmap3	598	dn17b#LH74	72813498	1024158	365383	3.1	20047
dn17b	cornell2017	hapmap3	598	dn17b#L139	23579840	684792	70308	1.5	10678
dn17b	cornell2017	hapmap3	598	dn17b#L127	27708574	827956	116021	1.6	13522
dn17b	cornell2017	hapmap3	598	dn17b#L105	53432398	1513125	734478	2.2	39771
dn17b	cornell2017	hapmap3	598	dn17b#LD61	20543657	562812	42187	1.4	10210
dn17b	cornell2017	hapmap3	598	dn17b#L473	55984974	2295011	375403	2.4	53127
dn17b	cornell2017	hapmap3	598	dn17b#LH145	27055394	642847	64412	1.5	11987
dn17b	cornell2017	hapmap3	598	dn17b#3189	24282631	437430	33635	1.3	8794
dn17b	cornell2017	hapmap3	598	dn17b#2FACC	31961511	507022	99343	1.8	10480
dn17b	cornell2017	hapmap3	598	dn17b#20564	45948206	1905017	305768	2.1	44312
dn17b	cornell2017	hapmap3	598	dn17b#2005	67529652	1768790	1069383	2.5	52718
dn17b	cornell2017	hapmap3	598	dn17b#29MIBZ2	43226511	1433617	329608	2.8	25203
dn17b	cornell2017	hapmap3	598	dn17b#20837	16725174	375680	32200	1.2	6590
dn17b	cornell2017	hapmap3	598	dn17b#20762	17779363	397061	33385	1.3	6667
dn17b	cornell2017	hapmap3	598	dn17b#78004	27325082	256914	34985	1.4	5549
dn17b	cornell2017	hapmap3	598	dn17b#7884	46044846	2040330	461849	2.8	38296
dn17b	cornell2017	hapmap3	598	dn17b#757	54903037	2165894	457483	2.6	39420
dn17b	cornell2017	hapmap3	598	dn17b#75-364	34179262	1488843	218089	2.1	28411
dn17b	cornell2017	hapmap3	598	dn17b#77	22028382	537414	40667	1.3	10224
dn17b	cornell2017	hapmap3	598	dn17b#779	29579046	836042	122992	1.6	15695
dn17b	cornell2017	hapmap3	598	dn17b#B8	25998607	1231739	176999	1.7	30290
dn17b	cornell2017	hapmap3	598	dn17b#B7	23316937	1110683	179938	1.7	23273
dn17b	cornell2017	hapmap3	598	dn17b#B76	34502266	1218441	206679	2	23281
dn17b	cornell2017	hapmap3	598	dn17b#B73	124327752	94387	116953	3.1	4705
dn17b	cornell2017	hapmap3	598	dn17b#BCC03	49087928	2251224	415785	2.1	46235
dn17b	cornell2017	hapmap3	598	dn17b#BC4B	62208963	1545146	385070	2.7	32678
dn17b	cornell2017	hapmap3	598	dn17b#B97	21842349	624172	54787	1.4	11417
dn17b	cornell2017	hapmap3	598	dn17b#707	49025615	2466804	429732	2.4	49744
dn17b	cornell2017	hapmap3	598	dn17b#140	23903189	771178	72167	1.5	14092
dn17b	cornell2017	hapmap3	598	dn17b#BM	27229109	865093	82468	1.5	17363
dn17b	cornell2017	hapmap3	598	dn17b#H2	19385312	412329	47732	1.4	8067
dn17b	cornell2017	hapmap3	598	dn17b#H66-6	60489771	1419596	1038083	2.6	36113
dn17b	cornell2017	hapmap3	598	dn17b#H114	58162537	2272044	500766	2.6	43155
dn17b	cornell2017	hapmap3	598	dn17b#H21	61648806	3212907	754682	3.1	53225
dn17b	cornell2017	hapmap3	598	dn17b#GY3	57380780	1625740	330008	2.3	37149
dn17b	cornell2017	hapmap3	598	dn17b#H105W	28928273	822496	148404	1.8	25239
dn17b	cornell2017	hapmap3	598	dn17b#HB8229	21280984	413480	35031	1.3	11673
dn17b	cornell2017	hapmap3	598	dn17b#3514	23704397	643368	76601	1.5	10907
dn17b	cornell2017	hapmap3	598	dn17b#3IBZ2	22949954	670477	80943	1.5	10407
dn17b	cornell2017	hapmap3	598	dn17b#4003	32082126	1103799	120346	1.7	21935
dn17b	cornell2017	hapmap3	598	dn17b#32	54631940	1215056	303234	2.6	25034
dn17b	cornell2017	hapmap3	598	dn17b#3335	27975487	598923	52383	1.4	12451
dn17b	cornell2017	hapmap3	598	dn17b#3489a	45810326	984787	334933	1.8	28216
dn17b	cornell2017	hapmap3	598	dn17b#LH82	42149518	1629988	353655	2.6	29297
dn17b	cornell2017	hapmap3	598	dn17b#Lo1067	36972800	1200336	184873	1.8	22190
dn17b	cornell2017	hapmap3	598	dn17b#411	14380899	1965206	317969	4.1	16946
dn17b	cornell2017	hapmap3	598	dn17b#433-7	28396121	705742	77996	1.4	15904
dn17b	cornell2017	hapmap3	598	dn17b#79028	62434728	2684627	797594	3.3	47415
dn17b	cornell2017	hapmap3	598	dn17b#7903E	21801041	331748	34393	1.4	7039
dn17b	cornell2017	hapmap3	598	dn17b#LH156	52736250	2189404	362249	2.4	46679
dn17b	cornell2017	hapmap3	598	dn17b#B4	19385283	677890	75270	1.7	9566
dn17b	cornell2017	hapmap3	598	dn17b#B37	29832759	718125	89446	1.7	13217
dn17b	cornell2017	hapmap3	598	dn17b#B102	51417843	2429412	476512	2.5	42241
dn17b	cornell2017	hapmap3	598	dn17b#B14	19242153	266258	27041	1.3	4939
dn17b	cornell2017	hapmap3	598	dn17b#B09	18123756	258064	19515	1.2	4756
dn17b	cornell2017	hapmap3	598	dn17b#Ay3566	52678709	1479317	247435	2.1	37833
dn17b	cornell2017	hapmap3	598	dn17b#Ay420	73734834	2764856	542850	2.6	72914
dn17b	cornell2017	hapmap3	598	dn17b#LH160	28010381	711568	78438	1.5	13997
dn17b	cornell2017	hapmap3	598	dn17b#LH85	20779481	664312	69455	1.5	9500
dn17b	cornell2017	hapmap3	598	dn17b#LH193	33097222	273582	98432	1.6	6421
dn17b	cornell2017	hapmap3	598	dn17b#IBC2	30604130	944692	100147	1.6	21156
dn17b	cornell2017	hapmap3	598	dn17b#Hda-5	21303613	409227	56591	1.3	9288
dn17b	cornell2017	hapmap3	598	dn17b#J8606	27042651	839003	103701	1.6	13780
dn17b	cornell2017	hapmap3	598	dn17b#HD568	37555721	1179136	240637	2.3	20508
dn17b	cornell2017	hapmap3	598	dn17b#HBAI	15031418	299309	20925	1.2	4724
dn17b	cornell2017	hapmap3	598	dn17b#HHe01	66740287	2917052	890746	2.5	62385
dn17b	cornell2017	hapmap3	598	dn17b#LH196	22740982	103519	19174	1.4	1873
dn17b	cornell2017	hapmap3	598	dn17b#75-14gao	19508315	553538	44648	1.4	9040
dn17b	cornell2017	hapmap3	598	dn17b#Lx9801	45800134	1948888	515130	2.7	35789
dn17b	cornell2017	hapmap3	598	dn17b#K14	39117021	1485767	422781	2.3	28423
dn17b	cornell2017	hapmap3	598	dn17b#ND246	40556219	1356152	623988	2.5	29265
dn17b	cornell2017	hapmap3	598	dn17b#N42	87534346	2598570	636739	3.1	52399
dn17b	cornell2017	hapmap3	598	dn17b#N192	29179040	912747	80305	1.5	16102
dn17b	cornell2017	hapmap3	598	dn17b#MP	61392720	1703914	552521	2.6	36954
dn17b	cornell2017	hapmap3	598	dn17b#Max	39785899	1183288	161553	1.8	28650
dn17b	cornell2017	hapmap3	598	dn17b#equn4	30410711	883863	89482	1.5	17574
dn17b	cornell2017	hapmap3	598	dn17b#ziduosui	31667492	1228778	128764	1.7	25927
dn17b	cornell2017	hapmap3	598	dn17b#NN14B	40324772	1524983	207779	1.9	30153
dn17b	cornell2017	hapmap3	598	dn17b#NQ508	36405737	1210583	185663	1.9	24877
dn17b	cornell2017	hapmap3	598	dn17b#XF197	50269749	1904296	257334	2	42441
dn17b	cornell2017	hapmap3	598	dn17b#XF134	59540508	2435150	385294	2.3	58097
dn17b	cornell2017	hapmap3	598	dn17b#XF117	17802772	274016	42490	1.3	4784
dn17b	cornell2017	hapmap3	598	dn17b#X314	24810291	450078	69338	1.7	8156
dn17b	cornell2017	hapmap3	598	dn17b#WN11H	33206184	985880	123127	1.8	19602
dn17b	cornell2017	hapmap3	598	dn17b#WIL900	74067249	3267745	1000460	3.6	55787
dn17b	cornell2017	hapmap3	598	dn17b#PHR58	36213693	1243423	184823	2	24534
dn17b	cornell2017	hapmap3	598	dn17b#XF27	15332693	320827	19804	1.2	4997
dn17b	cornell2017	hapmap3	598	dn17b#XF223	84318729	4033200	902662	3.4	86378
dn17b	cornell2017	hapmap3	598	dn17b#liao5110	15676001	231499	17643	1.2	4085
dn17b	cornell2017	hapmap3	598	dn17b#liao7794	36558837	679849	103305	1.7	15468
dn17b	cornell2017	hapmap3	598	dn17b#PHV53	30912471	887987	87057	1.5	16722
dn17b	cornell2017	hapmap3	598	dn17b#PHK35	51539381	1177388	334023	2.9	21210
dn17b	cornell2017	hapmap3	598	dn17b#liao2202	53227939	2386837	538043	2.7	41059
dn17b	cornell2017	hapmap3	598	dn17b#liao2204	24135141	782052	78341	1.5	20417
dn17b	cornell2017	hapmap3	598	dn17b#lan766-4-2	16189436	325740	26424	1.3	5460
dn17b	cornell2017	hapmap3	598	dn17b#liao4271	53447556	2297223	542175	2.8	39339
dn17b	cornell2017	hapmap3	598	dn17b#PHN66	42124341	1383404	212082	1.9	27883
dn17b	cornell2017	hapmap3	598	dn17b#PHT22	25411248	661645	73451	1.5	13072
dn17b	cornell2017	hapmap3	598	dn17b#PHT69	27910584	612611	55188	1.4	11029
dn17b	cornell2017	hapmap3	598	dn17b#PHN29	12578031	1276423	158585	2.1	37241
dn17b	cornell2017	hapmap3	598	dn17b#PHR25	20934792	439474	40867	1.4	7922
dn17b	cornell2017	hapmap3	598	dn17b#zhonger02	23243125	403032	48916	1.5	7659
dn17b	cornell2017	hapmap3	598	dn17b#PHNV9	17465209	281621	25149	1.3	4506
dn17b	cornell2017	hapmap3	598	dn17b#PHN73	67563191	2935330	848833	3.8	46567
dn17b	cornell2017	hapmap3	598	dn17b#PHPR5	24602866	659676	97407	1.7	9414
dn17b	cornell2017	hapmap3	598	dn17b#PHP76	37663567	1305524	254949	1.9	22881
dn17b	cornell2017	hapmap3	598	dn17b#zhong128	46657139	1729275	224612	1.9	39674
dn17b	cornell2017	hapmap3	598	dn17b#PHP02	36590499	839777	287965	1.7	19895
dn17b	cornell2017	hapmap3	598	dn17b#zhongxi042	21854362	632098	52383	1.4	11892
dn17b	cornell2017	hapmap3	598	dn17b#PHW17	49976976	893201	188368	2.1	18400
dn17b	cornell2017	hapmap3	598	dn17b#W8304	23705000	94630	30024	1.4	2559
dn17b	cornell2017	hapmap3	598	dn17b#W8555	25268141	177380	31442	1.4	3289
dn17b	cornell2017	hapmap3	598	dn17b#W64A	20282965	461014	58563	1.5	8577
dn17b	cornell2017	hapmap3	598	dn17b#W668	70421268	2491610	564794	2.8	62535
dn17b	cornell2017	hapmap3	598	dn17b#W967	34674747	1185352	122047	1.7	25187
dn17b	cornell2017	hapmap3	598	dn17b#W968	22243014	707921	70004	1.5	13084
dn17b	cornell2017	hapmap3	598	dn17b#W966	22374598	576465	50440	1.4	9776
dn17b	cornell2017	hapmap3	598	dn17b#PHT55	22092261	561011	50781	1.4	17314
dn17b	cornell2017	hapmap3	598	dn17b#W969	29445608	987148	102052	1.6	18058
dn17b	cornell2017	hapmap3	598	dn17b#W9706	56130593	2703412	530215	2.5	52395
dn17b	cornell2017	hapmap3	598	dn17b#luyuan133	49075186	2027625	532022	2.4	40096
dn17b	cornell2017	hapmap3	598	dn17b#PHK93	33114029	1098363	201274	2.1	19790
dn17b	cornell2017	hapmap3	598	dn17b#PN2-8	36350886	846763	210534	2.4	16994
dn17b	cornell2017	hapmap3	598	dn17b#PN2	35924320	1287658	147768	1.8	26344
dn17b	cornell2017	hapmap3	598	dn17b#longkang1	55503788	2208770	496723	2.2	46841
dn17b	cornell2017	hapmap3	598	dn17b#lu65	83425083	3575350	780850	3.2	84171
dn17b	cornell2017	hapmap3	598	dn17b#luosu3	60778180	2957452	662316	2.8	60214
dn17b	cornell2017	hapmap3	598	dn17b#yue39-4	57451444	2672311	613799	2.6	55232
dn17b	cornell2017	hapmap3	598	dn17b#yue89A12-1	26810091	939918	109095	1.6	16464
dn17b	cornell2017	hapmap3	598	dn17b#yue89E4-2	66433597	2932892	560542	2.7	67364
dn17b	cornell2017	hapmap3	598	dn17b#PHG35	43921934	1870886	358418	2.3	61489
dn17b	cornell2017	hapmap3	598	dn17b#yun147	39865187	1600687	221566	1.9	37924
dn17b	cornell2017	hapmap3	598	dn17b#zhangjin6	20127044	447954	30812	1.3	7290
dn17b	cornell2017	hapmap3	598	dn17b#zhangxi28	24211387	656847	74480	1.4	18166
dn17b	cornell2017	hapmap3	598	dn17b#zhen367	16918302	443279	32549	1.3	7138
dn17b	cornell2017	hapmap3	598	dn17b#zheng653	20641220	550103	63937	1.4	8861
dn17b	cornell2017	hapmap3	598	dn17b#PHK42	18906827	356081	24648	1.2	8710
dn17b	cornell2017	hapmap3	598	dn17b#mei68113	55108305	1850651	281370	2.2	47756
dn17b	cornell2017	hapmap3	598	dn17b#PHR30	29664519	728070	98231	1.6	13178
dn17b	cornell2017	hapmap3	598	dn17b#ziyu3	50385452	2134611	401088	2.4	40059
dn17b	cornell2017	hapmap3	598	dn17b#W172	31480428	538063	78743	1.7	12095
dn17b	cornell2017	hapmap3	598	dn17b#Va35	40061313	1349690	173755	1.9	27055
dn17b	cornell2017	hapmap3	598	dn17b#W238	38328143	1374228	195375	1.9	28001
dn17b	cornell2017	hapmap3	598	dn17b#W222	36618147	1213385	176012	1.8	23292
dn17b	cornell2017	hapmap3	598	dn17b#W2H03	38444677	1424859	260785	1.8	35032
dn17b	cornell2017	hapmap3	598	dn17b#W23	43177802	1772944	317228	2.3	32182
dn17b	cornell2017	hapmap3	598	dn17b#W344	72195096	3200509	731786	3	62422
dn17b	cornell2017	hapmap3	598	dn17b#mu4	26898101	906375	79879	1.5	16007
dn17b	cornell2017	hapmap3	598	dn17b#yuanwu05	44807668	2158452	361819	2.2	41912
dn17b	cornell2017	hapmap3	598	dn17b#yuanwu02	33658506	1144996	127137	1.6	22202
dn17b	cornell2017	hapmap3	598	dn17b#ys06	70001467	2284443	718982	3.8	37555
dn17b	cornell2017	hapmap3	598	dn17b#yi67	18656828	502866	44681	1.4	7243
dn17b	cornell2017	hapmap3	598	dn17b#yi49	33357197	876569	103465	1.6	19207
dn17b	cornell2017	hapmap3	598	dn17b#yi12	38984436	1255271	223100	1.9	29261
dn17b	cornell2017	hapmap3	598	dn17b#ye8001	28629267	689784	83923	1.5	13490
dn17b	cornell2017	hapmap3	598	dn17b#yan812	58020068	1142370	227606	2.3	29127
dn17b	cornell2017	hapmap3	598	dn17b#PHM81	30754485	1039908	175576	1.8	16402
dn17b	cornell2017	hapmap3	598	dn17b#ji432	47922745	2270154	309197	2.1	49540
dn17b	cornell2017	hapmap3	598	dn17b#ji53	63077076	3097259	742131	3	52199
dn17b	cornell2017	hapmap3	598	dn17b#he344	37145072	1224726	330399	2	25351
dn17b	cornell2017	hapmap3	598	dn17b#hua160	23790240	788497	106178	1.7	14453
dn17b	cornell2017	hapmap3	598	dn17b#huangchanga	123603	94	0	0.7	2
dn17b	cornell2017	hapmap3	598	dn17b#huangchangb	38394859	1644300	335006	2.6	27770
dn17b	cornell2017	hapmap3	598	dn17b#fu96	14862931	304360	21406	1.2	5726
dn17b	cornell2017	hapmap3	598	dn17b#gan41	51846690	2467475	523990	2.7	42276
dn17b	cornell2017	hapmap3	598	dn17b#guangyou5	30487645	1092572	115924	1.6	20495
dn17b	cornell2017	hapmap3	598	dn17b#han49	30832973	1021172	98398	1.6	20887
dn17b	cornell2017	hapmap3	598	dn17b#shuang741	70331239	3779722	909573	3.2	64680
dn17b	cornell2017	hapmap3	598	dn17b#MDF-13D	31568811	904350	98799	1.6	19401
dn17b	cornell2017	hapmap3	598	dn17b#MM402A	26757657	812647	90819	1.5	13477
dn17b	cornell2017	hapmap3	598	dn17b#PHWG5	19555322	433631	38854	1.3	6901
dn17b	cornell2017	hapmap3	598	dn17b#T24	68000371	2823426	541755	2.7	66030
dn17b	cornell2017	hapmap3	598	dn17b#Timpunia-1	58867522	2562196	718759	3	44764
dn17b	cornell2017	hapmap3	598	dn17b#VG85-5	21232076	409125	72046	1.5	8464
dn17b	cornell2017	hapmap3	598	dn17b#SZ3	45562270	2111427	363925	2.2	39105
dn17b	cornell2017	hapmap3	598	dn17b#Seagu1117	42901749	1335053	204196	1.9	28401
dn17b	cornell2017	hapmap3	598	dn17b#Sg1533	68977949	2093392	1567751	3.3	44487
dn17b	cornell2017	hapmap3	598	dn17b#zun90110	43731497	1857890	470446	3	31807
dn17b	cornell2017	hapmap3	598	dn17b#zong3	43372249	1697656	342739	2.4	29387
dn17b	cornell2017	hapmap3	598	dn17b#zong548-1521	49916218	1776808	481565	2.1	43948
dn17b	cornell2017	hapmap3	598	dn17b#PHG72	32204724	1071573	155584	1.8	23261
dn17b	cornell2017	hapmap3	598	dn17b#ML606	43308234	1564117	198214	1.8	31494
dn17b	cornell2017	hapmap3	598	dn17b#jiu22	51542787	1696961	578875	2.2	38170
dn17b	cornell2017	hapmap3	598	dn17b#jinsui54	26327796	902810	77659	1.5	23534
dn17b	cornell2017	hapmap3	598	dn17b#PHR62	3827881	21374	593	0.9	158
dn17b	cornell2017	hapmap3	598	dn17b#S001	54233899	2612502	589591	3	45423
dn17b	cornell2017	hapmap3	598	dn17b#jian1495a	31614492	632610	54552	1.5	17616
dn17b	cornell2017	hapmap3	598	dn17b#ji870	35974321	758935	222032	1.7	17061
dn17b	cornell2017	hapmap3	598	dn17b#ji833	62596383	1970175	1006321	3	41777
dn17b	cornell2017	hapmap3	598	dn17b#jingnuo2	61763124	3124931	736855	2.9	57352
dn17b	cornell2017	hapmap3	598	dn17b#R1656	26587183	916390	76690	1.5	18493
dn17b	cornell2017	hapmap3	598	dn17b#jiao3	20925102	674957	79672	1.6	9432
dn17b	cornell2017	hapmap3	598	dn17b#mu6	43205323	1491650	228475	2.1	31637
dn17b	cornell2017	hapmap3	598	dn17b#PHT77	33405649	951067	259369	1.7	23079
dn17b	cornell2017	hapmap3	598	dn17b#PH207	22053154	473641	41568	1.4	8886
dn17b	cornell2017	hapmap3	598	dn17b#yan103	62897549	3255673	675559	2.8	62060
dn17b	cornell2017	hapmap3	598	dn17b#xun92-6	31742876	1092705	146938	1.8	22121
dn17b	cornell2017	hapmap3	598	dn17b#MBUB	62513363	1752966	817365	2.3	44087
dn17b	cornell2017	hapmap3	598	dn17b#jian1495b	25378125	763349	69138	1.5	20008
dn17b	cornell2017	hapmap3	598	dn17b#xuan6	40352657	1299136	167068	1.8	27401
dn17b	cornell2017	hapmap3	598	dn17b#xi502	81006636	4067750	1229124	4.3	60898
dn17b	cornell2017	hapmap3	598	dn17b#xingK36	49456977	2229323	636806	3.5	36396
dn17b	cornell2017	hapmap3	598	dn17b#wu109	61422926	3194572	688265	2.9	55587
dn17b	cornell2017	hapmap3	598	dn17b#wu312	48339121	2185509	448035	2.6	42505
dn17b	cornell2017	hapmap3	598	dn17b#tai184	53690607	2412880	401598	2.3	50932
dn17b	cornell2017	hapmap3	598	dn17b#wei3322	15334045	309811	23584	1.3	4909
dn17b	cornell2017	hapmap3	598	dn17b#SG17	47116301	1465797	264907	2.5	30914
dn17b	cornell2017	hapmap3	598	dn17b#SC9	27075346	773607	91813	1.6	17544
dn17b	cornell2017	hapmap3	598	dn17b#SX-4-21	39833003	1342865	268572	1.8	28882
dn17b	cornell2017	hapmap3	598	dn17b#SW153	32514967	946586	102436	1.6	19076
dn17b	cornell2017	hapmap3	598	dn17b#SS99	31263260	1047505	107978	1.6	21797
dn17b	cornell2017	hapmap3	598	dn17b#zhengbai11	23714751	477451	42041	1.4	8801
dn17b	cornell2017	hapmap3	598	dn17b#SX-6-7	56692227	1866186	477640	2.3	39640
dn17b	cornell2017	hapmap3	598	dn17b#zhongyin15	61411242	2681938	850012	4.3	42417
dn17b	cornell2017	hapmap3	598	dn17b#zhongyin10	59341635	2205905	389381	2.3	45806
dn17b	cornell2017	hapmap3	598	dn17b#daqing133	37374034	1573784	184082	1.8	34549
dn17b	cornell2017	hapmap3	598	dn17b#dupl-178	179494633	3561550	847217	4.1	78635
dn17b	cornell2017	hapmap3	598	dn17b#dan599	89744859	3882098	791250	3.4	69211
dn17b	cornell2017	hapmap3	598	dn17b#dan598	39076335	1359693	181035	1.8	31210
dn17b	cornell2017	hapmap3	598	dn17b#dan340	165264314	4543007	2687104	6.9	47459
dn17b	cornell2017	hapmap3	598	dn17b#jiao51	34090584	1531516	265966	2.3	27732
dn17b	cornell2017	hapmap3	598	dn17b#PHJ40	8528926	127942	7763	1.1	1614
dn17b	cornell2017	hapmap3	598	dn17b#PHK24	30115121	628026	78994	1.6	13650
dn17b	cornell2017	hapmap3	598	dn17b#PHK05	21771794	527576	39100	1.4	10105
dn17b	cornell2017	hapmap3	598	dn17b#duzi	32652681	1183509	130697	1.7	25840
dn17b	cornell2017	hapmap3	598	dn17b#PHN37	47986743	2134947	338699	2.2	43724
dn17b	cornell2017	hapmap3	598	dn17b#PHG24	14933834	221639	16555	1.2	4738
dn17b	cornell2017	hapmap3	598	dn17b#PHBA6	27090228	868955	102849	1.6	13580
dn17b	cornell2017	hapmap3	598	dn17b#OQ603	51518119	2051647	344412	2.2	40694
dn17b	cornell2017	hapmap3	598	dn17b#OH7	22978467	545286	61750	1.4	8903
dn17b	cornell2017	hapmap3	598	dn17b#yan156	49252782	2025365	331386	2.1	54504
dn17b	cornell2017	hapmap3	598	dn17b#yan38	41926204	1224238	244319	1.8	29433
dn17b	cornell2017	hapmap3	598	dn17b#SC30-1	25140276	738363	63501	1.4	14805
dn17b	cornell2017	hapmap3	598	dn17b#SC24-1	44799003	1589598	231145	2.1	34209
dn17b	cornell2017	hapmap3	598	dn17b#SC11-1	32335621	1093411	117292	1.6	22342
dn17b	cornell2017	hapmap3	598	dn17b#SC14	61004977	2571643	573364	2.8	48399
dn17b	cornell2017	hapmap3	598	dn17b#SC-9	21473641	474865	39536	1.4	9051
dn17b	cornell2017	hapmap3	598	dn17b#SC-14	44565915	797995	298133	1.8	21964
dn17b	cornell2017	hapmap3	598	dn17b#yan172	56587060	2240649	361917	2.2	59918
dn17b	cornell2017	hapmap3	598	dn17b#luyuan92	8155032	169729	11738	1.1	2334
dn17b	cornell2017	hapmap3	598	dn17b#y9961	45536266	1497886	189880	1.9	39019
dn17b	cornell2017	hapmap3	598	dn17b#da255	44575698	1827377	276379	2	41269
dn17b	cornell2017	hapmap3	598	dn17b#daMO	46095513	1984731	571342	3.8	30522
dn17b	cornell2017	hapmap3	598	dn17b#chihuang32	20848070	570646	44131	1.4	10482
dn17b	cornell2017	hapmap3	598	dn17b#d140	47009959	1258005	308647	2.1	26964
dn17b	cornell2017	hapmap3	598	dn17b#chi545	55484775	2732323	516035	2.5	50177
dn17b	cornell2017	hapmap3	598	dn17b#chihuang14	33839236	657467	185858	1.7	16269
dn17b	cornell2017	hapmap3	598	dn17b#cheng435	56353644	1059133	301737	2.7	23363
dn17b	cornell2017	hapmap3	598	dn17b#chengzi2142	61416575	3029746	564689	2.6	57007
dn17b	cornell2017	hapmap3	598	dn17b#PHM44	25961894	615952	62188	1.4	11327
dn17b	cornell2017	hapmap3	598	dn17b#fu8538	58227644	1744193	817708	2.4	42258
dn17b	cornell2017	hapmap3	598	dn17b#PHG86	42218585	518057	224296	2.1	11726
dn17b	cornell2017	hapmap3	598	dn17b#PHJ33	45719821	1928477	269439	2	44126
dn17b	cornell2017	hapmap3	598	dn17b#equn3	47521004	1869921	279792	2.1	43201
dn17b	cornell2017	hapmap3	598	dn17b#PHG39	29320256	839299	124637	1.7	16660
dn17b	cornell2017	hapmap3	598	dn17b#PHG47	27856697	866709	89170	1.5	17230
dn17b	cornell2017	hapmap3	598	dn17b#ning24	52145972	2204458	652618	3.1	39774
dn17b	cornell2017	hapmap3	598	dn17b#S8326	27186355	862691	120991	1.7	15876
dn17b	cornell2017	hapmap3	598	dn17b#MO113	21764288	598694	93305	1.8	10243
dn17b	cornell2017	hapmap3	598	dn17b#S37	35601985	1110338	129710	1.7	21568
dn17b	cornell2017	hapmap3	598	dn17b#S311	25885473	836269	79237	1.5	14738
dn17b	cornell2017	hapmap3	598	dn17b#S7913	35440667	1550698	292005	2.4	27144
dn17b	cornell2017	hapmap3	598	dn17b#S53	23994249	516757	49065	1.4	11367
dn17b	cornell2017	hapmap3	598	dn17b#R150	39936947	1477578	236535	2	27743
dn17b	cornell2017	hapmap3	598	dn17b#R136	37876426	1498063	188895	1.8	32160
dn17b	cornell2017	hapmap3	598	dn17b#MBNA	26198880	1064164	146841	1.6	17313
dn17b	cornell2017	hapmap3	598	dn17b#MBSJ	44773015	1663171	228617	2	32213
dn17b	cornell2017	hapmap3	598	dn17b#PHR47	23672859	593526	93665	1.4	15151
dn17b	cornell2017	hapmap3	598	dn17b#chang3	41049183	1548817	313509	2.1	26455
dn17b	cornell2017	hapmap3	598	dn17b#chang7daxian1	52463371	2555852	616631	2.7	47204
dn17b	cornell2017	hapmap3	598	dn17b#chang69	61595983	2421671	791863	2.8	47255
dn17b	cornell2017	hapmap3	598	dn17b#bai197	52472937	2250236	334117	2.1	46609
dn17b	cornell2017	hapmap3	598	dn17b#cai11-8	18313915	559788	42713	1.4	11028
dn17b	cornell2017	hapmap3	598	dn17b#baiU8112	17736537	418101	37993	1.3	6640
dn17b	cornell2017	hapmap3	598	dn17b#ning37	51871239	2116442	484813	2.4	44244
dn17b	cornell2017	hapmap3	598	dn17b#ning45	35111992	1111104	155113	1.7	21662
dn17b	cornell2017	hapmap3	598	dn17b#chen322	27702662	856103	80127	1.5	16945
dn17b	cornell2017	hapmap3	598	dn17b#chaoxianbai	32464028	981587	165170	1.7	19529
dn17b	cornell2017	hapmap3	598	dn17b#PHW79	39147313	992366	238197	2.2	20309
dn17b	cornell2017	hapmap3	598	dn17b#N68a	20494331	186318	11873	1.2	3244
dn17b	cornell2017	hapmap3	598	dn17b#PHR55	22960353	499006	79517	1.4	8306
dn17b	cornell2017	hapmap3	598	dn17b#PHW30	43010342	1434830	311196	2.5	26230
dn17b	cornell2017	hapmap3	598	dn17b#XF77	24789387	686449	66386	1.5	13388
dn17b	cornell2017	hapmap3	598	dn17b#XZ19	47744963	2079554	288863	2	40751
dn17b	cornell2017	hapmap3	598	dn17b#Y223	24100742	686750	95897	1.7	12140
dn17b	cornell2017	hapmap3	598	dn17b#Z31B	24518535	829407	84030	1.5	14143
dn17b	cornell2017	hapmap3	598	dn17b#ZPON7	51566966	2221317	393681	2.4	43990
dn17b	cornell2017	hapmap3	598	dn17b#ZS01250	23918785	630069	68003	1.5	10246
dn17b	cornell2017	hapmap3	598	dn17b#fanrong2	50445712	2277758	347289	2.1	56047
dn17b	cornell2017	hapmap3	598	dn17b#song1145	17062549	401141	38860	1.5	5945
dn17b	cornell2017	hapmap3	598	dn17b#shuangtaiwu	53699701	2337509	339362	2.1	57223
dn17b	cornell2017	hapmap3	598	dn17b#shuangM9B-1	18658049	372073	28926	1.3	6457
dn17b	cornell2017	hapmap3	598	dn17b#fangyin	66513310	3141429	852131	3.5	51160
dn17b	cornell2017	hapmap3	598	dn17b#shen5005	41871238	1623119	352401	2.4	28733
dn17b	cornell2017	hapmap3	598	dn17b#qi35	34482940	899903	147019	1.6	21379
dn17b	cornell2017	hapmap3	598	dn17b#qi318	44338686	1939134	432283	2.9	33996
dn17b	cornell2017	hapmap3	598	dn17b#oh07B	22915582	718535	57164	1.4	21158
dn17b	cornell2017	hapmap3	598	dn17b#fu8529	31545128	1081946	146219	1.7	18754
dn17b	cornell2017	hapmap3	598	dn17b#fu8527	41963426	1530629	290902	2.2	29597
dn17b	cornell2017	hapmap3	598	dn17b#e220	49410343	1408709	267472	2	37393
dn18a	hirsch2018	biomAP	60	dn18a#3IIH6	297127084	1416107	14181979	16.3	28509
dn18a	hirsch2018	biomAP	60	dn18a#A188	254440521	10889913	9600416	17.1	197397
dn18a	hirsch2018	biomAP	60	dn18a#AS5707	238681828	10355589	9487911	24.6	108497
dn18a	hirsch2018	biomAP	60	dn18a#B84	173419252	5540105	5447934	28.7	41475
dn18a	hirsch2018	biomAP	60	dn18a#CR1Ht	240168207	10082977	9751404	24.5	104503
dn18a	hirsch2018	biomAP	60	dn18a#DKHBA1	198692906	9991226	9493481	25.9	107781
dn18a	hirsch2018	biomAP	60	dn18a#FBLL	288962353	2538011	3449775	15.9	30093
dn18a	hirsch2018	biomAP	60	dn18a#LH123Ht	248098796	9314231	8425354	24.9	89836
dn18a	hirsch2018	biomAP	60	dn18a#LH145	235094237	8123506	7501558	26.2	70259
dn18a	hirsch2018	biomAP	60	dn18a#LH146Ht	312775710	5221877	5102396	15.3	81330
dn18a	hirsch2018	biomAP	60	dn18a#LH156	255514554	9834702	8921928	24.8	95986
dn18a	hirsch2018	biomAP	60	dn18a#LH168	255328637	9952833	8086449	15.6	183331
dn18a	hirsch2018	biomAP	60	dn18a#LH185	251527172	10695431	9408136	17.1	181430
dn18a	hirsch2018	biomAP	60	dn18a#LH198	306748491	1897560	2499477	15.8	23753
dn18a	hirsch2018	biomAP	60	dn18a#LH200	301614829	2956549	3318255	16.7	34037
dn18a	hirsch2018	biomAP	60	dn18a#LH59	231789629	10267284	8207466	14.1	192910
dn18a	hirsch2018	biomAP	60	dn18a#LH74	275249365	3166979	3715003	18.3	37549
dn18a	hirsch2018	biomAP	60	dn18a#LH82	242895597	10004163	8509100	17	171710
dn18a	hirsch2018	biomAP	60	dn18a#LH85	232937611	10527153	9731201	24.8	106599
dn18a	hirsch2018	biomAP	60	dn18a#LH93	189504655	10466097	10501131	26.1	112031
dn18a	hirsch2018	biomAP	60	dn18a#Mo17	226635827	10202620	9610047	25.2	103194
dn18a	hirsch2018	biomAP	60	dn18a#Mo44	337876440	9285838	7163257	19.4	95943
dn18a	hirsch2018	biomAP	60	dn18a#Mo45	208587987	10486520	10121538	25.5	107249
dn18a	hirsch2018	biomAP	60	dn18a#MoG	267598914	10550197	9396458	23.9	110063
dn18a	hirsch2018	biomAP	60	dn18a#NC230	223737014	10141442	9413539	24.7	99951
dn18a	hirsch2018	biomAP	60	dn18a#NKH8431	197267430	7090894	6533023	27.1	61128
dn18a	hirsch2018	biomAP	60	dn18a#NP899	267324778	9870546	8186676	16.6	175603
dn18a	hirsch2018	biomAP	60	dn18a#Oh43	201278827	10139051	9557212	25.7	107464
dn18a	hirsch2018	biomAP	60	dn18a#PH207	238593040	9153019	9184094	24.7	87243
dn18a	hirsch2018	biomAP	60	dn18a#PHAA0	289646534	9367271	8409166	17.5	171270
dn18a	hirsch2018	biomAP	60	dn18a#PHB47	223661484	9029096	8413763	25.7	85222
dn18a	hirsch2018	biomAP	60	dn18a#PHG29	190335937	9875476	9307304	25.9	101914
dn18a	hirsch2018	biomAP	60	dn18a#PHG35	201999802	9398103	10442871	25.6	98436
dn18a	hirsch2018	biomAP	60	dn18a#PHG39	196700839	8965183	8473799	26.4	90053
dn18a	hirsch2018	biomAP	60	dn18a#PHG47	189525256	10036219	9756215	26.1	107349
dn18a	hirsch2018	biomAP	60	dn18a#PHG50	244766641	10014334	9085410	24.4	97932
dn18a	hirsch2018	biomAP	60	dn18a#PHG72	195242268	7365772	11140686	26.1	70686
dn18a	hirsch2018	biomAP	60	dn18a#PHG83	263274753	1350352	1808028	27.3	5163
dn18a	hirsch2018	biomAP	60	dn18a#PHJ40	185446657	9597261	9194970	26.3	93531
dn18a	hirsch2018	biomAP	60	dn18a#PHJ89	276734658	9912169	8352627	16.1	190314
dn18a	hirsch2018	biomAP	60	dn18a#PHK46	259118479	10009137	8027656	14.6	192931
dn18a	hirsch2018	biomAP	60	dn18a#PHK56	268358406	10208909	8641809	16.4	190540
dn18a	hirsch2018	biomAP	60	dn18a#PHK76	275417960	10300530	8637180	17.7	186168
dn18a	hirsch2018	biomAP	60	dn18a#PHKM5	224355610	9188773	6703781	12.1	188315
dn18a	hirsch2018	biomAP	60	dn18a#PHMK0	276878812	8147466	6951741	16.8	141197
dn18a	hirsch2018	biomAP	60	dn18a#PHN11	224097311	9756201	9201921	25.4	100478
dn18a	hirsch2018	biomAP	60	dn18a#PHN46	241051875	10452488	8495781	16.8	186217
dn18a	hirsch2018	biomAP	60	dn18a#PHP02	251600605	9614376	8305628	16.9	166847
dn18a	hirsch2018	biomAP	60	dn18a#PHP38	258901078	7935758	6834842	16.3	129830
dn18a	hirsch2018	biomAP	60	dn18a#PHR03	226905626	9684456	8043957	13.9	183409
dn18a	hirsch2018	biomAP	60	dn18a#PHT11	265691727	6584002	6304057	17.3	98476
dn18a	hirsch2018	biomAP	60	dn18a#PHV78	236628180	10187323	8246906	16.2	175665
dn18a	hirsch2018	biomAP	60	dn18a#PHW52	256018004	5827565	5437719	15.6	86803
dn18a	hirsch2018	biomAP	60	dn18a#PHW65	221516221	10230285	9632898	25	105548
dn18a	hirsch2018	biomAP	60	dn18a#SCRO1	286754049	9378534	8364849	23.2	97105
dn18a	hirsch2018	biomAP	60	dn18a#W182Ngt	292834230	9437242	8296495	23.4	93755
dn18a	hirsch2018	biomAP	60	dn18a#W37A	242433389	10438392	8924499	16.9	183723
dn18a	hirsch2018	biomAP	60	dn18a#W604S	237117185	9815573	9124163	25.3	98029
dn18a	hirsch2018	biomAP	60	dn18a#W605S	214815311	10482752	10072712	25	110530
dn18a	hirsch2018	biomAP	60	dn18a#W606S	234322715	9565311	7674220	14.1	185902
