SampleID	Tissue	Genotype	Treatment	Replicate	paired	spots	avgLength
SRR5962622		ZEAxppRDQDIAAPEI-3		1	TRUE	61588864	180
SRR5962623		ZEAxujRADDIBAPE		1	TRUE	49126403	180
SRR5962624		ZEAxppRDLDIAAPEI-2		1	TRUE	67979062	180
SRR5962625		ZEAxppRDQDIAAPEI-3		2	TRUE	63663167	180
SRR5962626		ZEAxujRADDIBAPE		2	TRUE	25817103	150
SRR5962627		ZEAxujRAGDIBAPE		1	TRUE	51948370	180
SRR5962628		ZEAxujRADDIBAPE		3	TRUE	50508419	180
SRR5962629		ZEAxujRADDIBAPE		4	TRUE	32899674	150
SRR5962630		ZEAxujRAGDIBAPE		2	TRUE	55331261	180
SRR5962631		ZEAxujRAGDIBAPE		3	TRUE	30332253	150
SRR5962632		ZEAhwcRAXDIAAPE		1	TRUE	29130991	200
SRR5962633		MAIdgiRCCDIAAPEI-10		1	TRUE	65915395	180
SRR5962634		MAIdgiRCCDIAAPEI-10		2	TRUE	65763013	180
SRR5962635		MAIdgiRAWDIAAPEI-5		1	TRUE	53790942	180
SRR5962636		MAIdgiRAWDIAAPEI-5		2	TRUE	70845778	180
SRR5962637		MAIdgiRAXDIAAPEI-6		1	TRUE	71457692	180
SRR5962638		MAIdgiRAXDIAAPEI-6		2	TRUE	66358074	180
SRR5962639		MAIdgiRAYDIAAPEI-7		1	TRUE	67552103	180
SRR5962640		MAIdgiRAXDIAAPEI-6		3	TRUE	59425562	180
SRR5962641		MAIdgiRAYDIAAPEI-7		2	TRUE	68764549	180
SRR5962642		MAIdgiRAYDIAAPEI-7		3	TRUE	56695860	180
SRR5962643		ZEAxppRDCDIAAPEI-7		1	TRUE	63246337	180
SRR5962644		ZEAxppRDCDIAAPEI-2		1	TRUE	14267941	180
SRR5962645		ZEAxppRDGDIAAPEI-11		1	TRUE	64186549	180
SRR5962646		ZEAxppRDCDIAAPEI-7		2	TRUE	59929353	180
SRR5962647		ZEAxppRDHDIAAPEI-12		1	TRUE	73528803	180
SRR5962648		ZEAxppRDGDIAAPEI-11		2	TRUE	59267712	180
SRR5962649		ZEAxppRDIDIAAPEI-1		1	TRUE	62079832	180
SRR5962650		ZEAxppRDHDIAAPEI-12		2	TRUE	65568805	180
SRR5962651		ZEAxppRDLDIAAPEI-2		2	TRUE	63890278	180
SRR5962652		ZEAxppRDIDIAAPEI-1		2	TRUE	62972968	180
SRR5962653		ZEAhwcRAXDIAAPE		2	TRUE	30538361	200
SRR5962654		ZEAxppRADDIAAPEI-4		1	TRUE	63689774	180
SRR5962655		ZEAxujRAZDIAAPE		1	TRUE	29475867	150
SRR5962656		ZEAxujRAZDIAAPE		2	TRUE	31293244	150
SRR5962657		ZEAxujRAYDIAAPE		1	TRUE	29750823	150
SRR5962658		ZEAxujRAYDIAAPE		2	TRUE	30304126	150
SRR5962659		ZEAxujRAZDIAAPE		3	TRUE	48240118	180
SRR5962660		ZEAxujRAZDIAAPE		4	TRUE	49121070	180
SRR5962661		ZEAxujRAXDIAAPE		1	TRUE	31285003	150
SRR5962662		ZEAxujRAXDIAAPE		2	TRUE	29236582	150
SRR5962663		ZEAxujRAYDIAAPE		3	TRUE	53837628	180
SRR5962664		ZEAxujRAYDIAAPE		4	TRUE	53516658	180
SRR5962665		MAIdgiRCIDIAAPEI-7		1	TRUE	62363247	200
SRR5962666		MAIdgiRCIDIAAPEI-7		2	TRUE	64106173	180
SRR5962667		MAIdgiRCCDIAAPEI-10		3	TRUE	65617456	180
SRR5962668		MAIdgiRCIDIAAPEI-7		3	TRUE	53204487	180
SRR5962669		MAIdgiRCKDIAAPEI-9		1	TRUE	66589616	180
SRR5962670		ZEAxppRCWDIAAPEI-3		1	TRUE	62371077	180
SRR5962671		ZEAxppRCWDIAAPEI-3		2	TRUE	67035851	180
SRR5962672		ZEAxppRCXDIAAPEI-4		1	TRUE	71550820	180
SRR5962673		ZEAxppRCXDIAAPEI-4		2	TRUE	67646780	180
SRR5962674		ZEAxppRCUDIAAPEI-1		1	TRUE	55553369	180
SRR5962675		ZEAxppRCUDIAAPEI-1		2	TRUE	79117747	200
SRR5962676		ZEAxppRCVDIAAPEI-2		1	TRUE	65260828	180
SRR5962677		ZEAxppRCVDIAAPEI-2		2	TRUE	79285052	200
SRR5962678		MAIdgiRCKDIAAPEI-9		2	TRUE	58468785	180
SRR5962679		ZEAxppRCYDIAAPEI-5		1	TRUE	71460491	180
SRR5962680		ZEAxppRCYDIAAPEI-5		2	TRUE	61268205	180
SRR5962681		MAIdgiRCKDIAAPEI-9		3	TRUE	67241316	180
SRR5962682		ZEAxujRBCDIBAPE		1	TRUE	68080571	180
SRR5962683		ZEAxujRBCDIBAPE		2	TRUE	58280573	150
SRR5962684		ZEAxujRBADIAAPE		1	TRUE	30443014	150
SRR5962685		ZEAxujRBADIAAPE		2	TRUE	30618179	150
SRR5962686		ZEAxujRBADIAAPE		3	TRUE	48791407	180
SRR5962687		ZEAxujRBADIAAPE		4	TRUE	55512142	180
SRR5962688		ZEAxujRBBDIAAPE		1	TRUE	27098961	150
SRR5962689		ZEAxujRBBDIAAPE		2	TRUE	30839401	150
SRR5962690		ZEAxujRBBDIAAPE		3	TRUE	53310377	180
SRR5962691		ZEAxujRBBDIAAPE		4	TRUE	54505316	180
SRR5962692		MAIdgiRAPDIAAPEI-12		1	TRUE	60714735	180
SRR5962693		MAIdgiRAPDIAAPEI-12		2	TRUE	82467470	180
SRR5962694		MAIdgiRAPDIAAPEI-12		3	TRUE	78561127	180
SRR5962695		MAIdgiRAODIAAPEI-11		1	TRUE	57700094	180
SRR5962696		MAIdgiRAODIAAPEI-11		2	TRUE	60054684	180
SRR5962697		MAIdgiRAODIAAPEI-11		3	TRUE	62122640	180
SRR5962698		MAIdgiRAMDIAAPEI-10		1	TRUE	60047127	180
SRR5962699		MAIdgiRAMDIAAPEI-10		2	TRUE	56094081	180
SRR5962700		MAIdgiRAMDIAAPEI-10		3	TRUE	70973070	180
SRR5962701		MAIdgiRAKDIAAPEI-9		1	TRUE	56246809	180
SRR5962702		MAIdgiRABDIAAPEI-2		1	TRUE	66244050	180
SRR5962703		ZEAxujRAWDIAAPE		1	TRUE	54325223	150
SRR5962704		MAIdgiRACDIAAPEI-3		1	TRUE	59543549	180
SRR5962705		MAIdgiRAEDIAAPEI-4		1	TRUE	56774920	180
SRR5962706		MAIdgiRACDIAAPEI-3		2	TRUE	54539118	180
SRR5962707		MAIdgiRACDIAAPEI-3		3	TRUE	54267330	180
SRR5962708		ZEAxujRAVDIAAPE		1	TRUE	30607583	150
SRR5962709		MAIdgiRABDIAAPEI-2		2	TRUE	67068289	180
SRR5962710		MAIdgiRAADIAAPEI-1		1	TRUE	59184492	180
SRR5962711		MAIdgiRABDIAAPEI-2		3	TRUE	57588241	180
SRR5962712		MAIdgiRAADIAAPEI-1		2	TRUE	52772993	180
SRR5962713		MAIdgiRAADIAAPEI-1		3	TRUE	53400595	180
SRR5962714		ZEAxppRCODIAAPEI-9		1	TRUE	73606893	180
SRR5962715		ZEAxppRCODIAAPEI-9		2	TRUE	70676668	180
SRR5962716		ZEAxppRCODIAAPEI-9		3	TRUE	69744158	180
SRR5962717		ZEAxppRCJDIAAPEI-7		1	TRUE	70258082	180
SRR5962718		ZEAxppRCQDIAAPEI-11		1	TRUE	60975987	180
SRR5962719		ZEAxppRCPDIAAPEI-10		1	TRUE	68449712	180
SRR5962720		ZEAxppRCPDIAAPEI-10		2	TRUE	70388031	180
SRR5962721		ZEAxppRCPDIAAPEI-10		3	TRUE	68315344	180
SRR5962722		ZEAxppRCQDIAAPEI-11		2	TRUE	61374624	180
SRR5962723		ZEAxppRCQDIAAPEI-11		3	TRUE	56947858	180
SRR5962724		ZEAxujRAUDIAAPE		1	TRUE	29879920	150
SRR5962725		ZEAxujRAWDIAAPE		2	TRUE	30121469	150
SRR5962726		ZEAxujRATDIAAPE		1	TRUE	48602387	180
SRR5962727		ZEAxujRATDIAAPE		2	TRUE	29835486	150
SRR5962728		ZEAxujRASDIAAPE		1	TRUE	26355178	150
SRR5962729		ZEAxujRATDIAAPE		3	TRUE	50243600	180
SRR5962730		ZEAxujRASDIAAPE		2	TRUE	57480552	180
SRR5962731		ZEAxujRASDIAAPE		3	TRUE	30930401	150
SRR5962732		ZEAxujRARDIAAPE		1	TRUE	26221215	150
SRR5962733		ZEAxujRASDIAAPE		4	TRUE	57758208	180
SRR5962734		ZEAxujRAVDIAAPE		2	TRUE	57401097	180
SRR5962735		ZEAxujRATDIAAPE		4	TRUE	24670519	150
SRR5962736		ZEAxujRAUDIAAPE		2	TRUE	58020113	180
SRR5962737		MAIdgiRAVDIAAPEI-4		1	TRUE	53847828	180
SRR5962738		MAIdgiRAWDIAAPEI-5		3	TRUE	71947067	180
SRR5962739		MAIdgiRARDIAAPEI-1		1	TRUE	68205606	180
SRR5962740		MAIdgiRARDIAAPEI-1		2	TRUE	63146664	180
SRR5962741		MAIdgiRARDIAAPEI-1		3	TRUE	57810457	180
SRR5962742		ZEAxujRAWDIAAPE		3	TRUE	72205332	180
SRR5962743		MAIdgiRASDIAAPEI-2		1	TRUE	60205024	180
SRR5962744		MAIdgiRASDIAAPEI-2		2	TRUE	59340954	180
SRR5962745		MAIdgiRAVDIAAPEI-4		2	TRUE	81031507	180
SRR5962746		MAIdgiRAVDIAAPEI-4		3	TRUE	75944084	180
SRR5962747		ZEAxppRCHDIAAPEI-6		1	TRUE	72340098	180
SRR5962748		ZEAxppRCJDIAAPEI-7		2	TRUE	66079120	180
SRR5962749		ZEAxppRCGDIAAPEI-5		1	TRUE	67351742	180
SRR5962750		ZEAxppRCHDIAAPEI-6		2	TRUE	68701628	180
SRR5962751		ZEAxppRCFDIAAPEI-4		1	TRUE	69892007	180
SRR5962752		ZEAxppRCGDIAAPEI-5		2	TRUE	67292269	180
SRR5962753		ZEAxppRCDDIAAPEI-12		1	TRUE	66201734	180
SRR5962754		ZEAxppRCFDIAAPEI-4		2	TRUE	65291013	180
SRR5962755		ZEAxppRCBDIAAPEI-3		1	TRUE	70750331	180
SRR5962756		ZEAxppRCDDIAAPEI-12		2	TRUE	71192017	180
SRR5962757		ZEAxppRBHDIAAPEI-5		1	TRUE	17379770	180
SRR5962758		ZEAxppRBHDIAAPEI-1		1	TRUE	53526437	180
SRR5962759		ZEAxppRBFDIAAPEI-3		1	TRUE	57236342	180
SRR5962760		ZEAxppRBFDIAAPEI-3		2	TRUE	59882931	180
SRR5962761		ZEAxppRBHDIAAPEI-1		2	TRUE	66337208	180
SRR5962762		ZEAxppRBFDIAAPEI-3		3	TRUE	61467254	180
SRR5962763		ZEAxppRBCDIAAPEI-2		1	TRUE	66474149	180
SRR5962764		ZEAxppRAZDIAAPEI-7		1	TRUE	64894025	200
SRR5962765		ZEAxppRBFDIAAPEI-3		4	TRUE	59806799	180
SRR5962766		ZEAxppRBCDIAAPEI-2		2	TRUE	67692480	180
SRR5962767		ZEAxujRAQDIAAPE		1	TRUE	29067261	150
SRR5962768		ZEAxujRARDIAAPE		2	TRUE	53458418	180
SRR5962769		ZEAxujRAQDIAAPE		2	TRUE	51738144	180
SRR5962770		ZEAxujRAQDIAAPE		3	TRUE	30443981	150
SRR5962771		ZEAxujRAPDIAAPE		1	TRUE	29030138	150
SRR5962772		ZEAxujRAQDIAAPE		4	TRUE	50834083	180
SRR5962773		ZEAxujRAPDIAAPE		2	TRUE	50108854	180
SRR5962774		ZEAxujRAPDIAAPE		3	TRUE	30014170	150
SRR5962775		ZEAxujRAXDIAAPE		3	TRUE	55400222	180
SRR5962776		ZEAxujRAXDIAAPE		4	TRUE	52193161	180
SRR5962777		ZEAxujRARDIAAPE		3	TRUE	53724016	180
SRR5962778		ZEAxujRARDIAAPE		4	TRUE	29389057	150
SRR5962779		ZEAxujRAUDIAAPE		3	TRUE	58161552	180
SRR5962780		ZEAxppRCBDIAAPEI-3		2	TRUE	68251766	180
SRR5962781		ZEAxppRBYDIAAPEI-2		1	TRUE	27380082	180
SRR5962782		ZEAxppRBXDIAAPEI-1		1	TRUE	61809353	180
SRR5962783		ZEAxppRBXDIAAPEI-1		2	TRUE	62134443	180
SRR5962784		ZEAxppRBYDIAAPEI-2		2	TRUE	60922632	180
SRR5962785		ZEAxppRBYDIAAPEI-2		3	TRUE	78911591	180
SRR5962786		ZEAxppRBSDIAAPEI-4		1	TRUE	59424467	180
SRR5962787		ZEAxppRBSDIAAPEI-4		2	TRUE	62865961	180
SRR5962788		ZEAxppRBUDIAAPEI-5		1	TRUE	72987111	180
SRR5962789		ZEAxppRBUDIAAPEI-5		2	TRUE	61017008	180
SRR5962790		ZEAxppRBSDIAAPEI-4		3	TRUE	63243265	180
SRR5962791		ZEAxppRBSDIAAPEI-4		4	TRUE	35360302	180
SRR5962792		ZEAxppRBRDIAAPEI-3		1	TRUE	63353684	180
SRR5962793		ZEAxppRBRDIAAPEI-3		2	TRUE	61321808	180
SRR5962794		ZEAxppRBRDIAAPEI-3		3	TRUE	58292599	180
SRR5962795		ZEAxppRBRDIAAPEI-3		4	TRUE	63265900	180
SRR5962796		ZEAxppRBMDIAAPEI-6		1	TRUE	63977149	180
SRR5962797		ZEAxppRBMDIAAPEI-6		2	TRUE	63350605	180
SRR5962798		ZEAxppRBLDIAAPEI-2		1	TRUE	64593793	180
SRR5962799		ZEAxppRBLDIAAPEI-2		2	TRUE	57462205	180
SRR5962800		ZEAxujRAODIBAPE		1	TRUE	54361484	180
SRR5962801		ZEAxujRANDIBAPE		1	TRUE	27981826	150
SRR5962802		ZEAxujRAODIBAPE		2	TRUE	28635381	150
SRR5962803		ZEAxujRAODIBAPE		3	TRUE	54411197	180
SRR5962804		ZEAxujRANDIBAPE		2	TRUE	66050228	180
SRR5962805		ZEAxujRAMDIBAPE		1	TRUE	31330787	150
SRR5962806		ZEAxujRANDIBAPE		3	TRUE	27325679	150
SRR5962807		ZEAxujRANDIBAPE		4	TRUE	62456001	180
SRR5962808		ZEAxujRAPDIAAPE		4	TRUE	51096074	180
SRR5962809		ZEAxujRAODIBAPE		4	TRUE	31819660	150
SRR5962810		MAIdgiRAIDIAAPEI-6		1	TRUE	55657542	180
SRR5962811		MAIdgiRAIDIAAPEI-6		2	TRUE	56881403	180
SRR5962812		MAIdgiRAGDIAAPEI-5		1	TRUE	59526960	180
SRR5962813		MAIdgiRAIDIAAPEI-6		3	TRUE	54926688	180
SRR5962814		MAIdgiRAGDIAAPEI-5		2	TRUE	58358375	180
SRR5962815		MAIdgiRAGDIAAPEI-5		3	TRUE	59315064	180
SRR5962816		MAIdgiRAEDIAAPEI-4		2	TRUE	56912476	180
SRR5962817		MAIdgiRAEDIAAPEI-4		3	TRUE	55679554	180
SRR5962818		MAIdgiRAKDIAAPEI-9		2	TRUE	67118386	180
SRR5962819		MAIdgiRAKDIAAPEI-9		3	TRUE	67010344	180
SRR5962820		ZEAxujRAMDIBAPE		2	TRUE	56799014	180
SRR5962821		ZEAxujRAMDIBAPE		3	TRUE	27187637	150
SRR5962822		ZEAxujRAKDIBAPE		1	TRUE	61093550	180
SRR5962823		ZEAxujRAKDIBAPE		2	TRUE	30254084	150
SRR5962824		ZEAxujRAKDIBAPE		3	TRUE	28335186	150
SRR5962825		ZEAxujRALDIBAPE		1	TRUE	65409353	180
SRR5962826		ZEAxujRALDIBAPE		2	TRUE	51428506	180
SRR5962827		ZEAxujRALDIBAPE		3	TRUE	28888048	150
SRR5962828		ZEAxujRALDIBAPE		4	TRUE	30248945	150
SRR5962829		ZEAxujRAMDIBAPE		4	TRUE	56043567	180
SRR5962830		ZEAxppRAFDIAAPEI-5		1	TRUE	70799053	180
SRR5962831		ZEAxppRAFDIAAPEI-1		1	TRUE	14545638	180
SRR5962832		ZEAxppRADDIAAPEI-7		1	TRUE	19204567	180
SRR5962833		ZEAxppRADDIAAPEI-4		2	TRUE	54939621	180
SRR5962834		ZEAxppRAJDIAAPEI-7		1	TRUE	56570458	180
SRR5962835		ZEAxppRAHDIAAPEI-6		1	TRUE	60606661	180
SRR5962836		ZEAxppRAHDIAAPEI-6		2	TRUE	71274604	180
SRR5962837		ZEAxppRAFDIAAPEI-5		2	TRUE	51283971	180
SRR5962838		ZEAxppRALDIAAPEI-9		1	TRUE	65359135	180
SRR5962839		ZEAxppRAJDIAAPEI-7		2	TRUE	55862765	180
SRR5962840		ZEAxujRAJDIBAPE		1	TRUE	29530146	150
SRR5962841		ZEAxujRAJDIBAPE		2	TRUE	43301279	180
SRR5962842		ZEAxujRAJDIBAPE		3	TRUE	44565667	180
SRR5962843		ZEAxujRAHDIBAPE		1	TRUE	28531820	150
SRR5962844		ZEAxujRAHDIBAPE		2	TRUE	30985840	150
SRR5962845		ZEAxujRAHDIBAPE		3	TRUE	55667526	180
SRR5962846		ZEAxujRAHDIBAPE		4	TRUE	59472448	180
SRR5962847		ZEAxujRAGDIBAPE		4	TRUE	25420984	150
SRR5962848		ZEAxujRAVDIAAPE		3	TRUE	55744713	180
SRR5962849		ZEAxujRAKDIBAPE		4	TRUE	61370848	180
SRR5962850		ZEAxujRAJDIBAPE		4	TRUE	26441175	150
SRR5962851		ZEAxujRBDDIBAPE		1	TRUE	55126568	180
SRR5962852		ZEAxujRBDDIBAPE		2	TRUE	31002594	150
SRR5962853		ZEAxujRBCDIBAPE		3	TRUE	30965361	150
SRR5962854		ZEAxujRBDDIBAPE		3	TRUE	56545621	180
SRR5962855		ZEAxujRBFDIBAPE		1	TRUE	28058365	150
SRR5962856		ZEAxujRBFDIBAPE		2	TRUE	59144910	150
SRR5962857		ZEAxujRBFDIBAPE		3	TRUE	58596622	180
SRR5962858		ZEAxppRAUDIAAPEI-1		1	TRUE	56431581	180
SRR5962859		ZEAxppRAZDIAAPEI-7		2	TRUE	64685853	180
SRR5962860		MAIdgiRASDIAAPEI-2		3	TRUE	62628577	180
SRR5962861		ZEAxppRAQDIAAPEI-11		1	TRUE	64147192	180
SRR5962862		ZEAxppRATDIAAPEI-12		1	TRUE	80087229	180
SRR5962863		ZEAxppRATDIAAPEI-12		2	TRUE	62015080	180
SRR5962864		ZEAxppRAUDIAAPEI-1		2	TRUE	71037778	180
SRR5962865		ZEAxppRALDIAAPEI-9		2	TRUE	57974249	180
SRR5962866		ZEAxppRANDIAAPEI-10		1	TRUE	67607130	180
SRR5962867		ZEAxppRANDIAAPEI-10		2	TRUE	57985217	180
SRR5962868		ZEAxppRAQDIAAPEI-11		2	TRUE	64866807	180
SRR5976192		CML247		1	TRUE	4168532	302
SRR5976193		CML247		2	TRUE	2622042	400
SRR5976194		CML247		3	FALSE	1068034	141
SRR5976195		NC358		1	TRUE	3599023	400
SRR5976196		CML247		4	FALSE	4230444	139
SRR5976197		MO18W		1	FALSE	981372	140
SRR5976198		Oh40B		1	TRUE	19186324	302
SRR5976199		MO18W		2	TRUE	10588967	302
SRR5976200		P39		1	TRUE	3668566	302
SRR5976201		P39		2	FALSE	2809697	141
SRR5976202		P39		3	TRUE	3074943	400
SRR5976203		MO18W		3	FALSE	3439782	142
SRR5976204		P39		4	TRUE	5697533	302
SRR5976205		P39		5	FALSE	859096	140
SRR5976206		P39		6	TRUE	2091100	320
SRR5976207		P39		7	FALSE	859803	140
SRR5976208		P39		8	TRUE	2086406	320
SRR5976209		MO18W		4	TRUE	6003860	302
SRR5976210		CML322		1	TRUE	3135023	320
SRR5976211		MO18W		5	TRUE	6158533	302
SRR5976212		CML322		2	FALSE	731642	135
SRR5976213		KI3		1	TRUE	6843119	302
SRR5976214		CML52		1	FALSE	112202	121
SRR5976215		KI3		2	TRUE	3247596	320
SRR5976216		KI3		3	FALSE	650882	139
SRR5976217		KI3		4	TRUE	3260787	320
SRR5976218		Il14H		1	TRUE	4471034	302
SRR5976219		A272		1	TRUE	18848841	302
SRR5976220		A272		2	TRUE	62720975	302
SRR5976221		KI3		5	TRUE	1993488	400
SRR5976222		KI3		6	FALSE	647568	139
SRR5976223		MO18W		6	TRUE	1764792	400
SRR5976224		CML322		3	TRUE	3637355	302
SRR5976225		KI3		7	TRUE	2577293	302
SRR5976226		KI3		8	TRUE	6668110	302
SRR5976227		MO18W		7	TRUE	1778406	302
SRR5976228		MO18W		8	TRUE	1745630	302
SRR5976229		CML103		1	TRUE	186486902	202
SRR5976230		CML247		5	FALSE	1070996	141
SRR5976231		CML247		6	TRUE	3517189	320
SRR5976232		CML228		1	TRUE	3589632	302
SRR5976233		CML247		7	TRUE	3528383	320
SRR5976234		CML228		2	TRUE	2751655	302
SRR5976235		CML228		3	TRUE	3530426	302
SRR5976236		CML228		4	TRUE	5127122	302
SRR5976237		MO18W		9	FALSE	979813	140
SRR5976238		CML228		5	FALSE	2433966	136
SRR5976239		CML228		6	TRUE	5261931	302
SRR5976240		CML333		1	FALSE	958330	139
SRR5976241		CML103		2	TRUE	7845606	302
SRR5976242		CML52		2	TRUE	7785951	302
SRR5976243		MO18W		10	TRUE	27243246	302
SRR5976244		CML103		3	FALSE	4515310	137
SRR5976245		NC358		2	TRUE	4802068	302
SRR5976246		HP301		1	FALSE	1235356	142
SRR5976247		HP301		2	TRUE	1904197	400
SRR5976248		HP301		3	FALSE	1237113	142
SRR5976249		HP301		4	TRUE	3323464	320
SRR5976250		CML69		1	TRUE	63186232	302
SRR5976251		HP301		5	TRUE	3337428	320
SRR5976252		CML69		2	TRUE	45616723	302
SRR5976253		CML69		3	TRUE	62258268	302
SRR5976254		CML69		4	TRUE	39193389	302
SRR5976255		CML69		5	TRUE	44958327	302
SRR5976256		NC358		3	TRUE	3709970	302
SRR5976257		KI3		9	FALSE	3666752	134
SRR5976258		Oh7B		1	TRUE	3129933	400
SRR5976259		Oh7B		2	FALSE	4585580	139
SRR5976260		Oh7B		3	TRUE	6464256	302
SRR5976261		Oh7B		4	TRUE	6323188	302
SRR5976262		NC358		4	TRUE	3787107	302
SRR5976263		Oh7B		5	TRUE	2909168	302
SRR5976264		Oh7B		6	TRUE	3837483	302
SRR5976265		Oh7B		7	TRUE	3894477	302
SRR5976266		CML52		3	TRUE	9963980	302
SRR5976267		Oh43		1	TRUE	2614719	320
SRR5976268		M37W		1	FALSE	1310784	137
SRR5976269		M37W		2	TRUE	4255686	320
SRR5976270		M162W		1	TRUE	24177648	302
SRR5976271		M37W		3	TRUE	4267608	320
SRR5976272		M162W		2	TRUE	3125921	302
SRR5976273		M162W		3	TRUE	3171519	302
SRR5976274		M162W		4	TRUE	2248561	302
SRR5976275		M162W		5	TRUE	2286237	302
SRR5976276		Oh40B		2	TRUE	42101967	302
SRR5976277		CML103		4	FALSE	1749821	139
SRR5976278		CML322		4	TRUE	3145940	320
SRR5976279		CML277		1	TRUE	6470837	302
SRR5976280		CML322		5	TRUE	5985340	302
SRR5976281		CML322		6	FALSE	6138880	140
SRR5976282		M37W		4	FALSE	1309384	137
SRR5976283		M37W		5	TRUE	2394129	400
SRR5976284		Ms71		1	TRUE	3307573	320
SRR5976285		CML69		6	TRUE	8044025	302
SRR5976286		Ms71		2	FALSE	1362408	140
SRR5976287		CML333		2	TRUE	3084915	320
SRR5976288		Ms71		3	TRUE	3321734	320
SRR5976289		Il14H		2	TRUE	3614507	320
SRR5976290		HP301		6	TRUE	21766474	302
SRR5976291		Ms71		4	FALSE	1364107	140
SRR5976292		Oh7B		8	TRUE	2479941	320
SRR5976293		HP301		7	TRUE	2048840	302
SRR5976294		HP301		8	TRUE	2018705	302
SRR5976295		HP301		9	TRUE	2864512	302
SRR5976296		HP301		10	TRUE	2830253	302
SRR5976297		HP301		11	TRUE	9422606	302
SRR5976298		HP301		12	FALSE	3137074	137
SRR5976299		HP301		13	TRUE	5279732	302
SRR5976300		HP301		14	TRUE	5414059	302
SRR5976301		CML103		5	TRUE	2144644	400
SRR5976302		Mo17		1	TRUE	159198899	202
SRR5976303		Tx303		1	TRUE	5449925	302
SRR5976304		Tx303		2	TRUE	5312056	302
SRR5976305		MO18W		11	TRUE	2485369	302
SRR5976306		Tx303		3	FALSE	1186750	140
SRR5976307		Tx303		4	TRUE	700189	400
SRR5976308		Tx303		5	FALSE	1084929	142
SRR5976309		TIL15		1	TRUE	227489491	200
SRR5976310		TIL25-TIP489		1	TRUE	111685138	202
SRR5976311		MO18W		12	TRUE	2529747	302
SRR5976312		Tx303		6	FALSE	1189999	140
SRR5976313		M37W		6	TRUE	3726281	302
SRR5976314		M37W		7	TRUE	3685338	302
SRR5976315		M37W		8	TRUE	5216879	302
SRR5976316		M37W		9	TRUE	5155615	302
SRR5976317		M37W		10	TRUE	118015876	302
SRR5976318		M37W		11	FALSE	5019980	137
SRR5976319		M37W		12	TRUE	4117180	302
SRR5976320		M37W		13	TRUE	4219947	302
SRR5976321		MO18W		13	TRUE	2696556	320
SRR5976322		MM-1A		1	TRUE	206070211	302
SRR5976323		CML52		4	TRUE	12373260	302
SRR5976324		Oh7B		9	FALSE	1602024	141
SRR5976325		W22		1	TRUE	184931443	202
SRR5976326		Tzi8		1	FALSE	1386525	138
SRR5976327		Ky21		1	TRUE	6691794	302
SRR5976328		Ky21		2	TRUE	6791066	302
SRR5976329		Oh43		2	TRUE	2606653	320
SRR5976330		Oh43		3	FALSE	1651059	140
SRR5976331		Oh43		4	TRUE	6704137	302
SRR5976332		CML69		7	TRUE	2911026	320
SRR5976333		Ky21		3	TRUE	2697129	320
SRR5976334		Ky21		4	FALSE	1296326	140
SRR5976335		Ky21		5	TRUE	2401795	400
SRR5976336		Ky21		6	FALSE	4011847	137
SRR5976337		Ky21		7	TRUE	7204294	302
SRR5976338		Ky21		8	TRUE	7033471	302
SRR5976339		Ky21		9	TRUE	5139548	302
SRR5976340		Ky21		10	TRUE	5216857	302
SRR5976341		Oh43		5	TRUE	5055135	302
SRR5976342		Tzi8		2	FALSE	1385513	138
SRR5976343		Tzi8		3	TRUE	2168761	320
SRR5976344		CML228		7	TRUE	2705955	302
SRR5976345		Oh43		6	TRUE	4973654	302
SRR5976346		CML277		2	TRUE	4821318	302
SRR5976347		Tx303		7	TRUE	3602500	302
SRR5976348		Tx303		8	TRUE	3543437	302
SRR5976349		Tx303		9	TRUE	2823903	302
SRR5976350		Tx303		10	TRUE	2775934	302
SRR5976351		Oh43		7	TRUE	8278969	302
SRR5976352		Tzi8		4	TRUE	2176137	320
SRR5976353		Tx601		1	TRUE	19285019	302
SRR5976354		Tx601		2	TRUE	64076114	302
SRR5976355		CML333		3	TRUE	9127294	302
SRR5976356		CML333		4	TRUE	9369151	302
SRR5976357		Oh43		8	TRUE	8489149	302
SRR5976358		CML333		5	TRUE	5636600	302
SRR5976359		CML333		6	TRUE	8743323	302
SRR5976360		CML333		7	TRUE	7067750	302
SRR5976361		CML52		5	TRUE	876292	320
SRR5976362		CML333		8	TRUE	8886142	302
SRR5976363		Oh43		9	FALSE	3642366	140
SRR5976364		CML103		6	TRUE	3397153	320
SRR5976365		CML52		6	FALSE	111594	121
SRR5976366		Oh43		10	TRUE	2208137	400
SRR5976367		CML228		8	TRUE	4396771	320
SRR5976368		CML228		9	FALSE	1441259	140
SRR5976369		CML228		10	TRUE	4405166	320
SRR5976370		CML103		7	TRUE	9522358	302
SRR5976371		CML103		8	TRUE	9397489	302
SRR5976372		CML103		9	TRUE	6957910	302
SRR5976373		CML103		10	TRUE	6841028	302
SRR5976374		CML103		11	TRUE	7637921	302
SRR5976375		CML52		7	TRUE	873647	320
SRR5976376		CML322		7	TRUE	2759346	400
SRR5976377		CML228		11	TRUE	1403556	400
SRR5976378		CML228		12	FALSE	1440602	140
SRR5976379		M162W		6	FALSE	6038012	135
SRR5976380		M162W		7	TRUE	3385309	400
SRR5976381		M162W		8	FALSE	1467875	139
SRR5976382		M162W		9	TRUE	2838841	320
SRR5976383		M162W		10	FALSE	1468781	139
SRR5976384		M162W		11	TRUE	2845415	320
SRR5976385		L578		1	TRUE	17440512	302
SRR5976386		L578		2	TRUE	29570892	302
SRR5976387		NC350		1	TRUE	6636189	302
SRR5976388		NC350		2	TRUE	6540472	302
SRR5976389		NC358		5	FALSE	796773	139
SRR5976390		NC358		6	TRUE	2510063	320
SRR5976391		NC358		7	FALSE	790288	139
SRR5976392		NC358		8	TRUE	2489197	320
SRR5976393		M162W		12	TRUE	634723	302
SRR5976394		M162W		13	TRUE	649743	302
SRR5976395		Tzi8		5	TRUE	2007589	302
SRR5976396		Tzi8		6	TRUE	2484907	302
SRR5976397		Tzi8		7	TRUE	2910097	302
SRR5976398		Tzi8		8	TRUE	1977539	302
SRR5976399		Tzi8		9	TRUE	9590466	302
SRR5976400		MO18W		14	TRUE	2689219	320
SRR5976401		Tzi8		10	TRUE	3311676	400
SRR5976402		Tzi8		11	FALSE	6033305	137
SRR5976403		CML52		8	TRUE	9843396	302
SRR5976404		CML69		8	TRUE	2138101	400
SRR5976405		Tzi8		12	TRUE	2517745	302
SRR5976406		Tzi8		13	TRUE	12804030	302
SRR5976407		CML322		8	TRUE	5403949	302
SRR5976408		CML333		9	TRUE	3093863	320
SRR5976409		CML322		9	TRUE	3695993	302
SRR5976410		CML322		10	TRUE	5315738	302
SRR5976411		Tx303		11	TRUE	3168813	320
SRR5976412		CML333		10	TRUE	1101464	400
SRR5976413		CML333		11	FALSE	959023	139
SRR5976414		CML103		12	FALSE	1746709	139
SRR5976415		CML247		8	TRUE	7007260	302
SRR5976416		Tzi8		14	TRUE	2982229	302
SRR5976417		CML333		12	FALSE	2503833	139
SRR5976418		CML333		13	TRUE	5418934	302
SRR5976419		CML69		9	TRUE	8242887	302
SRR5976420		CML69		10	TRUE	2901812	320
SRR5976421		CML333		14	TRUE	6945119	302
SRR5976422		NC358		9	TRUE	4859519	302
SRR5976423		KI3		10	TRUE	3617036	302
SRR5976424		KI3		11	TRUE	154380198	202
SRR5976425		KI3		12	TRUE	2618570	302
SRR5976426		KI3		13	TRUE	3568907	302
SRR5976427		Ki11		1	TRUE	4938030	320
SRR5976428		Ki11		2	FALSE	1685167	141
SRR5976429		Ki11		3	TRUE	4958843	320
SRR5976430		Ki11		4	FALSE	1689319	141
SRR5976431		Tx303		12	TRUE	3182580	320
SRR5976432		CML52		9	TRUE	2469354	400
SRR5976433		Ki11		5	TRUE	3171144	400
SRR5976434		Ki11		6	FALSE	5255618	141
SRR5976435		P39		9	TRUE	3718166	302
SRR5976436		CML52		10	TRUE	12096785	302
SRR5976437		CML52		11	TRUE	6340869	302
SRR5976438		CML52		12	TRUE	7674065	302
SRR5976439		CML52		13	FALSE	3010223	140
SRR5976440		NC350		3	TRUE	4546426	302
SRR5976441		NC350		4	TRUE	4616109	302
SRR5976442		CML52		14	TRUE	6191947	302
SRR5976443		NC350		5	TRUE	1677423	400
SRR5976444		NC350		6	FALSE	4047613	139
SRR5976445		NC350		7	TRUE	7132404	302
SRR5976446		NC350		8	TRUE	6964426	302
SRR5976447		NC350		9	TRUE	2753134	320
SRR5976448		NC350		10	FALSE	2423919	139
SRR5976449		NC350		11	TRUE	2742411	320
SRR5976450		NC350		12	FALSE	2422675	139
SRR5976451		CML277		3	TRUE	8687610	302
SRR5976452		CML103		13	TRUE	3381936	320
SRR5976453		CML277		4	TRUE	4728660	302
SRR5976454		CML277		5	FALSE	1730486	140
SRR5976455		CML277		6	FALSE	9307632	139
SRR5976456		P39		10	TRUE	5565549	302
SRR5976457		CML277		7	TRUE	3039391	320
SRR5976458		Oh7B		10	TRUE	2471581	320
SRR5976459		CML277		8	FALSE	1727790	140
SRR5976460		Oh7B		11	FALSE	1597734	141
SRR5976461		CML277		9	TRUE	3856211	400
SRR5976462		Ki11		7	TRUE	6525280	302
SRR5976463		Ki11		8	TRUE	6685872	302
SRR5976464		Ki11		9	TRUE	3665583	302
SRR5976465		Ki11		10	TRUE	3617076	302
SRR5976466		Ki11		11	TRUE	4696572	302
SRR5976467		Ki11		12	TRUE	4627429	302
SRR5976468		Ki21		1	TRUE	17500573	302
SRR5976469		Ki21		2	TRUE	50534117	302
SRR5976470		Ky21		11	FALSE	1302404	140
SRR5976471		Ky21		12	TRUE	2705441	320
SRR5976472		CML277		10	TRUE	8923651	302
SRR5976473		N6		1	TRUE	21907439	302
SRR5976474		N6		2	TRUE	75215599	302
SRR5976475		NC358		10	TRUE	5137837	302
SRR5976476		Ms71		5	TRUE	7165543	302
SRR5976477		Ms71		6	TRUE	6051491	302
SRR5976478		Ms71		7	TRUE	6195956	302
SRR5976479		Ms71		8	TRUE	6949342	302
SRR5976480		Ms71		9	TRUE	10531979	302
SRR5976481		Ms71		10	TRUE	10388394	302
SRR5976482		Ms71		11	TRUE	8259413	302
SRR5976483		Ms71		12	TRUE	8127694	302
SRR5976484		Oh7B		12	TRUE	2872851	302
SRR5976485		CML277		11	TRUE	6370412	302
SRR5976486		CML247		9	TRUE	4095344	302
SRR5976487		CML322		11	FALSE	731382	135
SRR5976488		Oh43		11	TRUE	6602672	302
SRR5976489		Oh43		12	FALSE	1652314	140
SRR5976490		CML247		10	TRUE	5310153	302
SRR5976491		TIL14-TIP498		1	TRUE	111257284	202
SRR5976492		TIL09		1	TRUE	109906381	202
SRR5976493		TIL10		1	TRUE	208631794	200
SRR5976494		TIL03		1	TRUE	138143776	202
SRR5976495		TIL05		1	TRUE	142726783	202
SRR5976496		RIMMA0438.1		1	TRUE	498879364	170
SRR5976497		TIL01-JD		1	TRUE	134915691	202
SRR5976498		P39		11	TRUE	5156971	302
SRR5976499		P39		12	TRUE	5230605	302
SRR5976500		CML69		11	FALSE	790061	141
SRR5976501		CML69		12	TRUE	37763672	302
SRR5976502		CML69		13	FALSE	2190113	137
SRR5976503		Il14H		3	FALSE	4983991	133
SRR5976504		Il14H		4	TRUE	5367174	302
SRR5976505		Il14H		5	TRUE	5239604	302
SRR5976506		Il14H		6	TRUE	3437289	302
SRR5976507		Il14H		7	FALSE	1058281	139
SRR5976508		Il14H		8	TRUE	3600575	320
SRR5976509		Il14H		9	FALSE	1056670	139
SRR5976510		Il14H		10	TRUE	2112956	400
SRR5976511		TIL11		1	TRUE	142542342	202
SRR5976512		Il14H		11	TRUE	3486048	302
SRR5976513		Il14H		12	TRUE	4411016	302
SRR5976514		Ms71		13	TRUE	2251514	400
SRR5976515		Ms71		14	FALSE	4176709	137
SRR5976516		NC358		11	TRUE	5304617	302
SRR5976517		CML69		14	FALSE	792424	141
SRR5976518		CML277		12	TRUE	3047265	320
SRR5976519		CML247		11	TRUE	5383386	302
SRR5976520		CML322		12	TRUE	5830223	302
SRR5976521		NC358		12	FALSE	4699831	139
SRR5976522		CML247		12	TRUE	6840334	302
SRR5991714		78599		1	TRUE	18194812	200
SRR5991715		Lo		1	TRUE	11453911	200
SRR5991716		7026B		1	TRUE	5758684	200
SRR5991717		6		1	TRUE	1318398	200
SRR5991718		6		2	TRUE	15347630	200
SRR5991719		6M502		1	TRUE	11805070	200
SRR5991720		A801		1	TRUE	17114522	202
SRR5991721		A801		2	TRUE	17388270	200
SRR5991722		68139		1	TRUE	18317995	200
SRR5991723		68139		2	TRUE	12780622	200
SRR5991724		98F1		1	TRUE	14233739	200
SRR5991725		98F1		2	TRUE	4125954	200
SRR5991726		A619		1	TRUE	8158394	200
SRR5991727		99122		1	TRUE	15495207	200
SRR5991728		9702		1	TRUE	22844838	200
SRR5991729		96201		1	TRUE	3319834	200
SRR5991730		9710		1	TRUE	16618127	200
SRR5991731		9706		1	TRUE	22501070	200
SRR5991732		LH162		1	TRUE	11280925	200
SRR5991733		LH220Ht		1	TRUE	4560817	200
SRR5991734		LH215		1	TRUE	4524448	200
SRR5991735		LH215		2	TRUE	2323667	200
SRR5991736		LH60		1	TRUE	19065517	200
SRR5991737		LH59		1	TRUE	1993917	200
SRR5991738		LH59		2	TRUE	14435805	200
SRR5991739		LH295		1	TRUE	9920419	200
SRR5991740		78599		2	TRUE	22369058	200
SRR5991741		LH65		1	TRUE	6366564	200
SRR5991742		LH65		2	TRUE	3111301	200
SRR5991743		1313		1	TRUE	13691490	200
SRR5991744		785		1	TRUE	215385	200
SRR5991745		DH65232		1	TRUE	21187109	200
SRR5991746		DM101B		1	TRUE	26109735	200
SRR5991747		DM101B		2	TRUE	4025100	202
SRR5991748		E200		1	TRUE	11781223	200
SRR5991749		E200		2	TRUE	11766631	200
SRR5991750		E588		1	TRUE	9970361	202
SRR5991751		E600		1	TRUE	6777316	200
SRR5991752		E601		1	TRUE	12899295	202
SRR5991753		ES40		1	TRUE	33345081	200
SRR5991754		F42		1	TRUE	7725491	200
SRR5991755		7146		1	TRUE	12034145	200
SRR5991756		LH132		1	TRUE	3873322	200
SRR5991757		150-4		1	TRUE	10585784	200
SRR5991758		1614		1	TRUE	23576041	200
SRR5991759		17564		1	TRUE	27185529	200
SRR5991760		1538		1	TRUE	22090578	200
SRR5991761		1610		1	TRUE	14306929	202
SRR5991762		196		1	TRUE	12314583	200
SRR5991763		200-24-13413		1	TRUE	710109	200
SRR5991764		18-599		1	TRUE	9407334	200
SRR5991765		18		1	TRUE	16527987	200
SRR5991766		LP1		1	TRUE	19514	200
SRR5991767		200-24-13413		2	TRUE	32368914	200
SRR5991768		2005-4		1	TRUE	7890088	200
SRR5991769		743		1	TRUE	2683381	200
SRR5991770		96201		2	TRUE	13145766	200
SRR5991771		96201		3	TRUE	60419	200
SRR5991772		72-125		1	TRUE	16513184	200
SRR5991773		7236		1	TRUE	10390863	200
SRR5991774		LH128		1	TRUE	28144126	200
SRR5991775		740		1	TRUE	1420951	200
SRR5991776		M1016		1	TRUE	9794592	200
SRR5991777		M9		1	TRUE	10422804	202
SRR5991778		91huang15		1	TRUE	8587348	200
SRR5991779		91huang5		1	TRUE	297336	200
SRR5991780		91huang5		2	TRUE	27068335	200
SRR5991781		926		1	TRUE	13382432	200
SRR5991782		928		1	TRUE	16355619	200
SRR5991783		92huang40		1	TRUE	14910504	200
SRR5991784		953		1	TRUE	16421041	200
SRR5991785		96201		4	TRUE	1433203	200
SRR5991786		LH123HT		1	TRUE	1261337	200
SRR5991787		D978		1	TRUE	8961297	200
SRR5991788		GN4095		1	TRUE	25736486	200
SRR5991789		Feb-48		1	TRUE	23608478	202
SRR5991790		FR14		1	TRUE	24225844	200
SRR5991791		FR14		2	TRUE	1051046	200
SRR5991792		D892		1	TRUE	11022157	200
SRR5991793		FBHJ		1	TRUE	5230288	200
SRR5991794		FAP1360A		1	TRUE	11887413	200
SRR5991795		F939		1	TRUE	23293130	200
SRR5991796		F7		1	TRUE	47282977	202
SRR5991797		F7584		1	TRUE	10838998	200
SRR5991798		DF24		1	TRUE	18151570	200
SRR5991799		LH146HT		1	TRUE	2609567	200
SRR5991800		DF20		1	TRUE	22892771	200
SRR5991801		LH128		2	TRUE	313827	200
SRR5991802		DF32		1	TRUE	7582604	202
SRR5991803		LH143		1	TRUE	22625731	200
SRR5991804		4N506		1	TRUE	2353357	200
SRR5991805		7146		2	TRUE	5561555	200
SRR5991806		DF27		1	TRUE	21043987	200
SRR5991807		DH138		1	TRUE	10789334	200
SRR5991808		68202		1	TRUE	21640998	200
SRR5991809		DH138		2	TRUE	7267473	200
SRR5991810		75-24		1	TRUE	10514570	200
SRR5991811		9101-7		1	TRUE	10415014	202
SRR5991812		8982		1	TRUE	21169135	200
SRR5991813		897		1	TRUE	20231759	200
SRR5991814		897		2	TRUE	4542270	202
SRR5991815		8701		1	TRUE	1775674	200
SRR5991816		8701		2	TRUE	10115362	200
SRR5991817		87001		1	TRUE	15237597	200
SRR5991818		87001		2	TRUE	21611422	200
SRR5991819		La2-4		1	TRUE	39942375	200
SRR5991820		LP5		1	TRUE	31325040	200
SRR5991821		LH150		1	TRUE	2726078	200
SRR5991822		LH150		2	TRUE	52901	200
SRR5991823		LP1		2	TRUE	7422988	200
SRR5991824		LM-2		1	TRUE	7950351	200
SRR5991825		91huang15		2	TRUE	629356	200
SRR5991826		91huang10		1	TRUE	21084598	200
SRR5991827		D886		1	TRUE	10571335	200
SRR5991828		D88		1	TRUE	13773803	200
SRR5991829		D857		1	TRUE	26377294	200
SRR5991830		D864		1	TRUE	26870389	200
SRR5991831		D854		1	TRUE	7498104	200
SRR5991832		D856		1	TRUE	19438193	200
SRR5991833		D881		1	TRUE	7294731	200
SRR5991834		D883		1	TRUE	20388512	200
SRR5991835		D869		1	TRUE	12276375	200
SRR5991836		D881		2	TRUE	1483835	202
SRR5991837		Los-6		1	TRUE	12676121	200
SRR5991838		LIBC4		1	TRUE	4731980	200
SRR5991839		764		1	TRUE	22981851	200
SRR5991840		785		2	TRUE	21961778	200
SRR5991841		78551S		1	TRUE	4777809	200
SRR5991842		743		2	TRUE	5380609	200
SRR5991843		Los-6		2	TRUE	17224319	200
SRR5991844		84-126-15-1		1	TRUE	1393429	200
SRR5991845		84-126-15-1		2	TRUE	67058	200
SRR5991846		83IBI3		1	TRUE	10927486	200
SRR5991847		83IBI3		2	TRUE	2697967	200
SRR5991848		85bai64		1	TRUE	518512	200
SRR5991849		85bai64		2	TRUE	4786547	200
SRR5991850		84-126-15-1		3	TRUE	2453717	200
SRR5991851		84-126-15-1		4	TRUE	19539975	200
SRR5991852		LH208		1	TRUE	2514289	200
SRR5991853		LH208		2	TRUE	24233261	200
SRR5991854		85bai64		3	TRUE	21848	200
SRR5991855		85bai64		4	TRUE	20811879	200
SRR5991856		DH65232-DH9		1	TRUE	15668730	200
SRR5991857		DH40		1	TRUE	20327302	200
SRR5991858		D729		1	TRUE	24395642	200
SRR5991859		D801		1	TRUE	18138929	200
SRR5991860		D1049		1	TRUE	13685259	200
SRR5991861		D1051		1	TRUE	8394414	200
SRR5991862		Cwu215B		1	TRUE	6795554	200
SRR5991863		D1049		2	TRUE	12391774	200
SRR5991864		D33A		1	TRUE	14199417	200
SRR5991865		D619		1	TRUE	9468918	200
SRR5991866		D1139		1	TRUE	38585058	200
SRR5991867		D23		1	TRUE	21993153	202
SRR5991868		M3		1	TRUE	22649329	200
SRR5991869		Lo1125		1	TRUE	6660256	202
SRR5991870		LP5		2	TRUE	710558	200
SRR5991871		697		1	TRUE	8641860	200
SRR5991872		M22		1	TRUE	10830188	202
SRR5991873		5023		1	TRUE	5802628	202
SRR5991874		4936		1	TRUE	17258179	202
SRR5991875		4722		1	TRUE	6063928	200
SRR5991876		M3736		1	TRUE	22269850	200
SRR5991877		LH132		2	TRUE	24579674	200
SRR5991878		444		1	TRUE	17138667	200
SRR5991879		441950		1	TRUE	10501259	200
SRR5991880		4722		2	TRUE	4972805	200
SRR5991881		468-3		1	TRUE	11216887	200
SRR5991882		795		1	TRUE	1662847	200
SRR5991883		79131		1	TRUE	10601106	200
SRR5991884		802		1	TRUE	6855930	200
SRR5991885		795		2	TRUE	10425844	200
SRR5991886		806A		1	TRUE	7875342	200
SRR5991887		802		2	TRUE	14602661	202
SRR5991888		82huangzao4		1	TRUE	92215	200
SRR5991889		811A		1	TRUE	7914493	200
SRR5991890		832		1	TRUE	18432284	200
SRR5991891		82huangzao4		2	TRUE	12193957	200
SRR5991892		Lp215D		1	TRUE	10051170	200
SRR5991893		Cwu215B		2	TRUE	650554	200
SRR5991894		Cwu215B		3	TRUE	11418507	200
SRR5991895		Lp215D		2	TRUE	906106	200
SRR5991896		CML58		1	TRUE	21444972	200
SRR5991897		CML125-2pianma		1	TRUE	25278125	200
SRR5991898		CT109		1	TRUE	12265421	200
SRR5991899		CN104		1	TRUE	8151956	200
SRR5991900		CT52C		1	TRUE	3300768	200
SRR5991901		CT52C		2	TRUE	40652737	200
SRR5991902		Co109		1	TRUE	7652299	200
SRR5991903		CT52C		3	TRUE	5458729	200
SRR5991904		1101		1	TRUE	10995588	200
SRR5991905		1121		1	TRUE	17087174	202
SRR5991906		030-1		1	TRUE	24423199	202
SRR5991907		23590		1	TRUE	16629040	200
SRR5991908		L061M		1	TRUE	13982868	200
SRR5991909		L069		1	TRUE	17790911	200
SRR5991910		1127		1	TRUE	10312043	200
SRR5991911		1313		2	TRUE	425873	200
SRR5991912		L005		1	TRUE	25698563	200
SRR5991913		L05-6		1	TRUE	14983344	200
SRR5991914		L061F		1	TRUE	3350371	200
SRR5991915		L061F		2	TRUE	15909093	200
SRR5991916		K514		1	TRUE	18891761	200
SRR5991917		KP3130		1	TRUE	10885808	200
SRR5991918		KP3130		2	TRUE	11302515	200
SRR5991919		L005		2	TRUE	55300	200
SRR5991920		68122		1	TRUE	6751044	200
SRR5991921		68122		2	TRUE	20604403	200
SRR5991922		680		1	TRUE	9917170	200
SRR5991923		5023		2	TRUE	17655681	200
SRR5991924		619		1	TRUE	8365725	200
SRR5991925		624		1	TRUE	26873588	200
SRR5991926		5707		1	TRUE	46483	200
SRR5991927		5707		2	TRUE	8543476	200
SRR5991928		5032		1	TRUE	8142759	200
SRR5991929		5032		2	TRUE	3603311	200
SRR5991930		LH220Ht		2	TRUE	5345714	200
SRR5991931		C103		1	TRUE	23761676	200
SRR5991932		C13		1	TRUE	20888089	200
SRR5991933		C521		1	TRUE	32406593	200
SRR5991934		C8605-2		1	TRUE	14847267	200
SRR5991935		BS110		1	TRUE	7766285	200
SRR5991936		BT1		1	TRUE	23668690	200
SRR5991937		C103		2	TRUE	5395495	200
SRR5991938		C103		3	TRUE	1692764	200
SRR5991939		C8605-2		2	TRUE	1611132	200
SRR5991940		C8605-2		3	TRUE	2756655	200
SRR5991941		FBHJ		2	TRUE	2637027	200
SRR5991942		68122		3	TRUE	116019	200
SRR5991943		LH123HT		2	TRUE	6762188	200
SRR5991944		LH119		1	TRUE	349727	200
SRR5991945		LH74		1	TRUE	21483675	200
SRR5991946		L139		1	TRUE	7093398	200
SRR5991947		L127		1	TRUE	2392665	200
SRR5991948		L127		2	TRUE	11447288	200
SRR5991949		L105		1	TRUE	17327604	200
SRR5991950		LH119		2	TRUE	10365308	200
SRR5991951		LD61		1	TRUE	9765303	202
SRR5991952		L473		1	TRUE	28649980	200
SRR5991953		L139		2	TRUE	3096732	200
SRR5991954		LH145		1	TRUE	8826781	200
SRR5991955		3189		1	TRUE	9570609	200
SRR5991956		2FACC		1	TRUE	10979473	200
SRR5991957		20564		1	TRUE	21490758	200
SRR5991958		2005		1	TRUE	5472450	202
SRR5991959		2005		2	TRUE	24734920	200
SRR5991960		2005-4		2	TRUE	4016648	200
SRR5991961		29MIBZ2		1	TRUE	14039667	200
SRR5991962		29MIBZ2		2	TRUE	1852227	200
SRR5991963		20837		1	TRUE	6360805	200
SRR5991964		20762		1	TRUE	7104836	200
SRR5991965		78551S		2	TRUE	837579	200
SRR5991966		78004		1	TRUE	146396	200
SRR5991967		7884		1	TRUE	17289516	200
SRR5991968		757		1	TRUE	18194045	200
SRR5991969		75-364		1	TRUE	11178796	200
SRR5991970		764		2	TRUE	805252	200
SRR5991971		4N506		2	TRUE	10634434	200
SRR5991972		77		1	TRUE	216901	200
SRR5991973		779		1	TRUE	9838111	200
SRR5991974		78004		2	TRUE	10061818	200
SRR5991975		77		2	TRUE	11225575	200
SRR5991976		B8		1	TRUE	6161039	302
SRR5991977		B7		1	TRUE	4660201	302
SRR5991978		B76		1	TRUE	10739657	200
SRR5991979		B73		1	TRUE	63312571	200
SRR5991980		BCC03		1	TRUE	2098858	200
SRR5991981		BC4B		1	TRUE	19978931	200
SRR5991982		B97		1	TRUE	3643340	200
SRR5991983		B97		2	TRUE	5060758	200
SRR5991984		707		1	TRUE	17356885	200
SRR5991985		140		1	TRUE	10716950	200
SRR5991986		BM		1	TRUE	11010695	200
SRR5991987		BCC03		2	TRUE	21330131	200
SRR5991988		7026B		2	TRUE	9781289	200
SRR5991989		H2		1	TRUE	3194093	200
SRR5991990		H66-6		1	TRUE	19663985	200
SRR5991991		H2		2	TRUE	143167	200
SRR5991992		H2		3	TRUE	3689716	200
SRR5991993		H114		1	TRUE	19118855	200
SRR5991994		H21		1	TRUE	21685616	200
SRR5991995		GY3		1	TRUE	22828475	200
SRR5991996		H105W		1	TRUE	7335647	302
SRR5991997		HB8229		1	TRUE	7688874	200
SRR5991998		HB8229		2	TRUE	2204813	200
SRR5991999		3514		1	TRUE	9148700	200
SRR5992000		3IBZ2		1	TRUE	9529906	200
SRR5992001		3IBZ2		2	TRUE	1015712	200
SRR5992002		4003		1	TRUE	13239658	200
SRR5992003		32		1	TRUE	18248622	200
SRR5992004		3335		1	TRUE	21851163	200
SRR5992005		3489a		1	TRUE	8369007	200
SRR5992006		3489a		2	TRUE	16180022	200
SRR5992007		LH82		1	TRUE	6615539	200
SRR5992008		Lo1067		1	TRUE	7359	202
SRR5992009		411		1	TRUE	19315501	200
SRR5992010		433-7		1	TRUE	15937816	200
SRR5992011		LH150		3	TRUE	16592355	200
SRR5992012		78551S		3	TRUE	16804043	200
SRR5992013		150-4		2	TRUE	21834769	200
SRR5992014		79028		1	TRUE	23693111	200
SRR5992015		7903E		1	TRUE	11211928	200
SRR5992016		LH156		1	TRUE	27576065	200
SRR5992017		B4		1	TRUE	6488518	200
SRR5992018		B4		2	TRUE	1769004	200
SRR5992019		B37		1	TRUE	3337054	200
SRR5992020		B37		2	TRUE	9076025	200
SRR5992021		B102		1	TRUE	17365452	200
SRR5992022		B14		1	TRUE	6702642	200
SRR5992023		B09		1	TRUE	4586498	200
SRR5992024		B09		2	TRUE	2806139	200
SRR5992025		Ay3566		1	TRUE	24723333	202
SRR5992026		Ay420		1	TRUE	29428821	200
SRR5992027		LH160		1	TRUE	256102	200
SRR5992028		LH82		2	TRUE	13716143	200
SRR5992029		LH85		1	TRUE	5989403	200
SRR5992030		LH85		2	TRUE	1778480	200
SRR5992031		LH74		2	TRUE	5637233	200
SRR5992032		LH74		3	TRUE	702220	200
SRR5992033		LH160		2	TRUE	9247773	200
SRR5992034		LH82		3	TRUE	1372704	200
SRR5992035		Lo1067		2	TRUE	15114634	200
SRR5992036		LH193		1	TRUE	11207199	200
SRR5992037		LIBC4		2	TRUE	11597116	200
SRR5992038		IBC2		1	TRUE	14612370	200
SRR5992039		Hda-5		1	TRUE	7738275	200
SRR5992040		J8606		1	TRUE	9193061	200
SRR5992041		IBC2		2	TRUE	547956	200
SRR5992042		HD568		1	TRUE	13096025	200
SRR5992043		HBAI		1	TRUE	6555581	200
SRR5992044		Hda-5		2	TRUE	3346580	200
SRR5992045		HHe01		1	TRUE	27109229	200
SRR5992046		LH196		1	TRUE	2126558	200
SRR5992047		75-14gao		1	TRUE	7590292	202
SRR5992048		Lx9801		1	TRUE	14996533	200
SRR5992049		K14		1	TRUE	11915123	200
SRR5992050		J8606		2	TRUE	908744	200
SRR5992051		LH196		2	TRUE	7212888	200
SRR5992052		78551S		4	TRUE	1112479	200
SRR5992053		740		2	TRUE	4679823	200
SRR6002469		ND246		1	TRUE	12792682	200
SRR6002470		N42		1	TRUE	5284176	200
SRR6002471		N42		2	TRUE	27441153	200
SRR6002472		Ms71		15	TRUE	8673488	200
SRR6002473		N192		1	TRUE	11818103	202
SRR6002474		MP		1	TRUE	22026840	200
SRR6002475		Max		1	TRUE	19832177	200
SRR6002476		equn4		1	TRUE	13321984	200
SRR6002477		ziduosui		1	TRUE	13909359	202
SRR6002478		NN14B		1	TRUE	13162160	200
SRR6002479		NQ508		1	TRUE	4235882	200
SRR6002480		XF197		1	TRUE	19463378	200
SRR6002481		XF134		1	TRUE	25369606	200
SRR6002482		XF117		1	TRUE	8291563	200
SRR6002483		X314		1	TRUE	9881500	200
SRR6002484		WN11H		1	TRUE	16345905	200
SRR6002485		WIL900		1	TRUE	22352329	200
SRR6002486		WIL900		2	TRUE	614359	200
SRR6002487		WIL900		3	TRUE	6508041	200
SRR6002488		PHR58		1	TRUE	15684241	200
SRR6002489		XF27		1	TRUE	5755507	200
SRR6002490		XF223		1	TRUE	39354786	200
SRR6002491		liao5110		1	TRUE	1885110	200
SRR6002492		liao7794		1	TRUE	74779	200
SRR6002493		PHV53		1	TRUE	139495	200
SRR6002494		PHK35		1	TRUE	14855363	200
SRR6002495		liao2202		1	TRUE	17763636	200
SRR6002496		liao2204		1	TRUE	3598628	200
SRR6002497		lan766-4-2		1	TRUE	301153	200
SRR6002498		lan766-4-2		2	TRUE	6439528	200
SRR6002499		liao5110		2	TRUE	18883	200
SRR6002500		liao5110		3	TRUE	3823927	200
SRR6002501		liao2204		2	TRUE	8369447	200
SRR6002502		liao4271		1	TRUE	17822256	200
SRR6002503		PHN66		1	TRUE	13802530	200
SRR6002504		PHN66		2	TRUE	3476132	200
SRR6002505		PHT22		1	TRUE	1167384	200
SRR6002506		PHT69		1	TRUE	71105	200
SRR6002507		PHN29		1	TRUE	5846403	200
SRR6002508		PHR25		1	TRUE	1233050	200
SRR6002509		PHT69		2	TRUE	9129797	200
SRR6002510		PHN29		2	TRUE	5846403	200
SRR6002511		zhonger02		1	TRUE	524525	200
SRR6002512		PHNV9		1	TRUE	7776810	200
SRR6002513		PHNV9		2	TRUE	657994	200
SRR6002514		PHN73		1	TRUE	23195358	200
SRR6002515		PHPR5		1	TRUE	10318258	200
SRR6002516		PHP76		1	TRUE	2641423	200
SRR6002517		zhong128		1	TRUE	18817744	200
SRR6002518		PHP02		1	TRUE	1883308	200
SRR6002519		PHR25		2	TRUE	6334281	200
SRR6002520		PHPR5		2	TRUE	372734	200
SRR6002521		zhongxi042		1	TRUE	9444854	200
SRR6002522		PHW17		1	TRUE	22420104	200
SRR6002523		PHN73		2	TRUE	1785915	200
SRR6002524		W8304		1	TRUE	11512444	200
SRR6002525		W8555		1	TRUE	8769153	200
SRR6002526		W64A		1	TRUE	7016481	200
SRR6002527		W668		1	TRUE	31696190	200
SRR6002528		W967		1	TRUE	13156101	202
SRR6002529		W968		1	TRUE	9898345	200
SRR6002530		W8555		2	TRUE	2703593	200
SRR6002531		W966		1	TRUE	9089815	202
SRR6002532		PHT55		1	TRUE	8440448	200
SRR6002533		W969		1	TRUE	9674613	200
SRR6002534		W9706		1	TRUE	20827953	200
SRR6002535		PHT55		2	TRUE	4155419	200
SRR6002536		luyuan133		1	TRUE	16767303	200
SRR6002537		luyuan133		2	TRUE	1048119	200
SRR6002538		PHK93		1	TRUE	1599562	200
SRR6002539		PN2-8		1	TRUE	13058242	200
SRR6002540		PN2		1	TRUE	18180026	200
SRR6002541		longkang1		1	TRUE	39465	200
SRR6002542		liao7794		2	TRUE	15942744	200
SRR6002543		longkang1		2	TRUE	19184587	200
SRR6002544		longkang1		3	TRUE	1129757	200
SRR6002545		lu65		1	TRUE	38452238	200
SRR6002546		lu65		2	TRUE	819520	200
SRR6002547		luyuan133		3	TRUE	5106	200
SRR6002548		luosu3		1	TRUE	26078099	200
SRR6002549		yue39-4		1	TRUE	19877127	200
SRR6002550		yue89A12-1		1	TRUE	6913890	200
SRR6002551		yue89A12-1		2	TRUE	2777463	200
SRR6002552		yue89E4-2		1	TRUE	239147	200
SRR6002553		PHG35		1	TRUE	9005978	302
SRR6002554		yun147		1	TRUE	18865565	202
SRR6002555		zhangjin6		1	TRUE	7199090	202
SRR6002556		zhangxi28		1	TRUE	11015121	200
SRR6002557		zhen367		1	TRUE	8237533	202
SRR6002558		zheng653		1	TRUE	6556701	200
SRR6002559		PHK42		1	TRUE	2028406	200
SRR6002560		mei68113		1	TRUE	20715995	200
SRR6002561		PHR30		1	TRUE	648186	200
SRR6002562		ziyu3		1	TRUE	15575214	200
SRR6002563		W172		1	TRUE	12865630	200
SRR6002564		Va35		1	TRUE	3776677	200
SRR6002565		W238		1	TRUE	16074171	200
SRR6002566		W222		1	TRUE	13009795	200
SRR6002567		W2H03		1	TRUE	17481502	200
SRR6002568		W23		1	TRUE	13375723	200
SRR6002569		W344		1	TRUE	17162804	200
SRR6002570		W344		2	TRUE	10907174	200
SRR6002571		W64A		2	TRUE	3392025	200
SRR6002572		W344		3	TRUE	14099254	200
SRR6002573		mu4		1	TRUE	9973205	200
SRR6002574		yuanwu05		1	TRUE	15394517	200
SRR6002575		yuanwu02		1	TRUE	10607144	200
SRR6002576		ys06		1	TRUE	24106220	200
SRR6002577		yi67		1	TRUE	5445227	200
SRR6002578		yi67		2	TRUE	2295186	200
SRR6002579		yi49		1	TRUE	12898781	200
SRR6002580		yi12		1	TRUE	15590110	200
SRR6002581		ye8001		1	TRUE	2424285	202
SRR6002582		ye8001		2	TRUE	7525019	200
SRR6002583		yan812		1	TRUE	18858604	200
SRR6002584		PHM81		1	TRUE	10567194	200
SRR6002585		ji432		1	TRUE	21882197	202
SRR6002586		ji53		1	TRUE	22647986	200
SRR6002587		he344		1	TRUE	10961572	200
SRR6002588		hua160		1	TRUE	7246823	200
SRR6002589		huangchanga		1	TRUE	17947478	200
SRR6002590		huangchangb		1	TRUE	12168177	200
SRR6002591		fu96		1	TRUE	1997015	200
SRR6002592		gan41		1	TRUE	17091501	200
SRR6002593		guangyou5		1	TRUE	13788984	202
SRR6002594		han49		1	TRUE	11662723	200
SRR6002595		shuang741		1	TRUE	24788855	200
SRR6002596		PHK42		2	TRUE	7568280	200
SRR6002597		PHP02		2	TRUE	13122983	200
SRR6002598		PHT22		2	TRUE	9033693	200
SRR6002599		PHP76		2	TRUE	16685645	200
SRR6002600		MDF-13D		1	TRUE	409477	200
SRR6002601		MM402A		1	TRUE	8085301	200
SRR6002602		PHWG5		1	TRUE	7635500	200
SRR6002603		MM402A		2	TRUE	1721017	200
SRR6002604		T24		1	TRUE	35085449	200
SRR6002605		Timpunia-1		1	TRUE	19941432	200
SRR6002606		VG85-5		1	TRUE	6457486	200
SRR6002607		VG85-5		2	TRUE	116673	200
SRR6002608		SZ3		1	TRUE	17444900	200
SRR6002609		Seagu1117		1	TRUE	2766838	200
SRR6002610		Seagu1117		2	TRUE	18411686	200
SRR6002611		Sg1533		1	TRUE	23013387	200
SRR6002612		zun90110		1	TRUE	14727997	200
SRR6002613		zong3		1	TRUE	13784186	200
SRR6002614		zong548-1521		1	TRUE	21861402	202
SRR6002615		VG85-5		3	TRUE	2028396	200
SRR6002616		Va35		2	TRUE	10294011	200
SRR6002617		PHR30		2	TRUE	10614273	200
SRR6002618		PHG72		1	TRUE	10441139	200
SRR6002619		ML606		1	TRUE	15252745	200
SRR6002620		jiu22		1	TRUE	15002130	200
SRR6002621		jinsui54		1	TRUE	11671015	200
SRR6002622		PHR58		2	TRUE	765898	200
SRR6002623		PHR62		1	TRUE	1282227	200
SRR6002624		S001		1	TRUE	19362034	200
SRR6002625		jian1495a		1	TRUE	13433325	200
SRR6002626		ji870		1	TRUE	13946243	202
SRR6002627		ji833		1	TRUE	19481430	200
SRR6002628		jingnuo2		1	TRUE	17135417	200
SRR6002629		jingnuo2		2	TRUE	6165236	200
SRR6002630		R1656		1	TRUE	13360177	200
SRR6002631		jiao3		1	TRUE	7652382	200
SRR6002632		mu6		1	TRUE	119976	200
SRR6002633		PHT77		1	TRUE	14221316	200
SRR6002634		PH207		1	TRUE	6712997	200
SRR6002635		yan103		1	TRUE	6501686	202
SRR6002636		xun92-6		1	TRUE	3382282	200
SRR6002637		MBUB		1	TRUE	21885064	200
SRR6002638		jian1495b		1	TRUE	10292225	200
SRR6002639		xuan6		1	TRUE	1826034	200
SRR6002640		xun92-6		2	TRUE	13475598	200
SRR6002641		xuan6		2	TRUE	15450038	200
SRR6002642		xuan6		3	TRUE	163127	200
SRR6002643		xi502		1	TRUE	30167687	200
SRR6002644		xingK36		1	TRUE	22441760	200
SRR6002645		wu109		1	TRUE	22376016	200
SRR6002646		wu312		1	TRUE	18332853	200
SRR6002647		tai184		1	TRUE	24784509	202
SRR6002648		wei3322		1	TRUE	5992688	202
SRR6002649		SG17		1	TRUE	22611072	200
SRR6002650		SG17		2	TRUE	468436	200
SRR6002651		SC9		1	TRUE	7444304	200
SRR6002652		SC9		2	TRUE	5028084	200
SRR6002653		SX-4-21		1	TRUE	14745882	200
SRR6002654		SX-4-21		2	TRUE	776952	200
SRR6002655		SW153		1	TRUE	12454466	202
SRR6002656		SS99		1	TRUE	13261205	200
SRR6002657		zhengbai11		1	TRUE	7538479	200
SRR6002658		zhengbai11		2	TRUE	1716197	200
SRR6002659		SX-6-7		1	TRUE	27353807	200
SRR6002660		SX-6-7		2	TRUE	4227331	200
SRR6002661		MDF-13D		2	TRUE	10339052	200
SRR6002662		zhonger02		2	TRUE	12349111	200
SRR6002663		zhongyin15		1	TRUE	24389769	200
SRR6002664		zhongyin10		1	TRUE	18156846	200
SRR6002665		daqing133		1	TRUE	15807593	202
SRR6002666		dupl-178		1	TRUE	51882892	132
SRR6002667		dan599		1	TRUE	17540463	200
SRR6002668		dan599		2	TRUE	13572439	200
SRR6002669		dan598		1	TRUE	2320403	200
SRR6002670		dan599		3	TRUE	22491002	200
SRR6002671		dan340		1	TRUE	22355010	200
SRR6002672		dan598		2	TRUE	14357563	200
SRR6002673		jiao51		1	TRUE	10747458	200
SRR6002674		PHJ40		1	TRUE	3104052	200
SRR6002675		PHK24		1	TRUE	5627242	200
SRR6002676		PHK05		1	TRUE	4353003	200
SRR6002677		yan812		2	TRUE	2717204	200
SRR6002678		PHK24		2	TRUE	7066909	200
SRR6002679		dupl-178		2	TRUE	45859663	121
SRR6002680		duzi		1	TRUE	220071	200
SRR6002681		PHN37		1	TRUE	19078665	200
SRR6002682		PHG24		1	TRUE	921829	200
SRR6002683		PHG24		2	TRUE	6679463	200
SRR6002684		PHBA6		1	TRUE	969585	200
SRR6002685		PHBA6		2	TRUE	10465253	200
SRR6002686		PH207		2	TRUE	2590046	200
SRR6002687		duzi		2	TRUE	16015182	200
SRR6002688		OQ603		1	TRUE	19947734	200
SRR6002689		OQ603		2	TRUE	1569020	200
SRR6002690		OH7		1	TRUE	8991905	200
SRR6002691		NQ508		2	TRUE	8915108	200
SRR6002692		PHK05		2	TRUE	5058434	200
SRR6002693		yan156		1	TRUE	23782818	200
SRR6002694		yan38		1	TRUE	17465265	200
SRR6002695		SC30-1		1	TRUE	5454799	200
SRR6002696		SC30-1		2	TRUE	5730304	200
SRR6002697		SC24-1		1	TRUE	7644200	200
SRR6002698		SC24-1		2	TRUE	15934974	200
SRR6002699		SC11-1		1	TRUE	12326360	200
SRR6002700		SC14		1	TRUE	20813627	200
SRR6002701		SC-9		1	TRUE	9772662	200
SRR6002702		SC11-1		2	TRUE	11218912	200
SRR6002703		SC-14		1	TRUE	21255855	200
SRR6002704		SC-14		2	TRUE	14280355	200
SRR6002705		yan172		1	TRUE	24977193	200
SRR6002706		PHV53		2	TRUE	10597366	200
SRR6002707		luyuan92		1	TRUE	2893615	196
SRR6002708		yan172		2	TRUE	180903	200
SRR6002709		mei68113		2	TRUE	12463013	200
SRR6002710		y9961		1	TRUE	19919817	200
SRR6002711		da255		1	TRUE	17943002	200
SRR6002712		daMO		1	TRUE	17066928	200
SRR6002713		chihuang32		1	TRUE	8696543	202
SRR6002714		d140		1	TRUE	14549366	200
SRR6002715		chi545		1	TRUE	17931661	200
SRR6002716		chihuang14		1	TRUE	14468937	202
SRR6002717		cheng435		1	TRUE	21394681	200
SRR6002718		chengzi2142		1	TRUE	27383225	200
SRR6002719		yan103		2	TRUE	16977673	200
SRR6002720		PHM81		2	TRUE	3545792	200
SRR6002721		PHK93		2	TRUE	10083808	200
SRR6002722		PHM44		1	TRUE	8691389	200
SRR6002723		fu96		2	TRUE	6081418	200
SRR6002724		fu8538		1	TRUE	17767700	200
SRR6002725		dan340		2	TRUE	39211912	200
SRR6002726		dan340		3	FALSE	83632609	100
SRR6002727		PHG86		1	TRUE	4207606	200
SRR6002728		PHJ33		1	TRUE	17726151	200
SRR6002729		mu6		2	TRUE	1642357	200
SRR6002730		yan156		2	TRUE	4051903	200
SRR6002731		equn3		1	TRUE	24995768	200
SRR6002732		mu6		3	TRUE	20283412	200
SRR6002733		PHG39		1	TRUE	2173746	200
SRR6002734		PHG39		2	TRUE	8381270	200
SRR6002735		PHG47		1	TRUE	2204113	200
SRR6002736		PHG47		2	TRUE	7128033	200
SRR6002737		PHG72		2	TRUE	5027200	200
SRR6002738		ning24		1	TRUE	19298036	200
SRR6002739		PHG86		2	TRUE	19244194	200
SRR6002740		S8326		1	TRUE	7825217	200
SRR6002741		S8326		2	TRUE	1620700	200
SRR6002742		MO113		1	TRUE	7266019	200
SRR6002743		MO113		2	TRUE	1111483	200
SRR6002744		S37		1	TRUE	17986759	200
SRR6002745		S311		1	TRUE	11015791	200
SRR6002746		S7913		1	TRUE	12980794	200
SRR6002747		S53		1	TRUE	10626198	200
SRR6002748		R150		1	TRUE	14175372	200
SRR6002749		R136		1	TRUE	17221712	202
SRR6002750		MBNA		1	TRUE	9149505	200
SRR6002751		MBSJ		1	TRUE	15612151	200
SRR6002752		PHR47		1	TRUE	8767225	200
SRR6002753		chang3		1	TRUE	3645734	202
SRR6002754		chang3		2	TRUE	13169920	200
SRR6002755		chang7daxian1		1	TRUE	18160939	200
SRR6002756		chang69		1	TRUE	21534619	200
SRR6002757		bai197		1	TRUE	2423254	200
SRR6002758		bai197		2	TRUE	64590	200
SRR6002759		cai11-8		1	TRUE	7246396	202
SRR6002760		baiU8112		1	TRUE	6796898	202
SRR6002761		ning37		1	TRUE	17577651	200
SRR6002762		ning45		1	TRUE	12008218	200
SRR6002763		PHWG5		2	TRUE	54668	200
SRR6002764		chen322		1	TRUE	11330769	200
SRR6002765		chaoxianbai		1	TRUE	13989903	202
SRR6002766		PHW79		1	TRUE	4250467	200
SRR6002767		N68a		1	TRUE	6600607	200
SRR6002768		PHR47		2	TRUE	1790379	200
SRR6002769		PHW17		2	TRUE	800609	200
SRR6002770		PHR55		1	TRUE	8297311	200
SRR6002771		PHW79		2	TRUE	18795733	200
SRR6002772		PHK35		2	TRUE	3837418	200
SRR6002773		PHW30		1	TRUE	3793053	200
SRR6002774		bai197		3	TRUE	1555969	200
SRR6002775		bai197		4	TRUE	15582235	200
SRR6002776		PHW30		2	TRUE	21501405	200
SRR6002777		XF77		1	TRUE	11243123	202
SRR6002778		XZ19		1	TRUE	18839042	200
SRR6002779		Y223		1	TRUE	8195240	200
SRR6002780		Y223		2	TRUE	1042154	200
SRR6002781		Z31B		1	TRUE	7958973	200
SRR6002782		ZPON7		1	TRUE	18925139	200
SRR6002783		ZS01250		1	TRUE	8368482	200
SRR6002784		ZS01250		2	TRUE	266815	200
SRR6002785		fanrong2		1	TRUE	22889649	200
SRR6002786		song1145		1	TRUE	1493902	200
SRR6002787		song1145		2	TRUE	5572256	200
SRR6002788		shuangtaiwu		1	TRUE	20518277	200
SRR6002789		shuangM9B-1		1	TRUE	7177769	200
SRR6002790		fangyin		1	TRUE	24197981	200
SRR6002791		shen5005		1	TRUE	13205772	200
SRR6002792		qi35		1	TRUE	14767548	200
SRR6002793		qi35		2	TRUE	256894	200
SRR6002794		qi318		1	TRUE	15538281	200
SRR6002795		oh07B		1	TRUE	10719429	200
SRR6002796		fu8529		1	TRUE	12240111	200
SRR6002797		yue89E4-2		2	TRUE	32256804	200
SRR6002798		fu8527		1	TRUE	12951867	200
SRR6002799		PHT77		2	TRUE	1106878	200
SRR6002800		e220		1	TRUE	20572808	200
SRR6002801		PHR55		2	TRUE	2213914	200
