sid	pair	pair_bad	pair_dup	pair_map	pair_map_hq	pair_map_hq0	pair_map0	pair_orphan	pair_orphan_hq	pair_orphan_hq0	pair_orphan0	pair_unmap	unpair	unpair_bad	unpair_dup	unpair_map	unpair_map_hq	unpair_map_hq0	unpair_map0	unpair_unmap
SRR4448180	534333	0	496436	21081	9881	1423	4913	64	38	8	13	14312	0	0	0	0	0	0	0	0
SRR4448181	878194	0	821113	30682	11884	1779	7455	81	44	6	19	23030	0	0	0	0	0	0	0	0
SRR4448182	544941	0	505537	21864	9709	1394	5249	60	47	7	14	15166	0	0	0	0	0	0	0	0
SRR4448183	460139	0	426036	21056	8967	1277	5214	58	36	9	12	11325	0	0	0	0	0	0	0	0
SRR4448184	1230130	0	1149312	44311	14019	1812	11122	93	53	6	12	32726	0	0	0	0	0	0	0	0
SRR4448185	1112728	0	1037314	38368	13782	1727	8926	118	52	6	18	32915	0	0	0	0	0	0	0	0
SRR4448186	1369822	0	1280892	38033	13761	1795	8899	105	52	9	20	43688	0	0	0	0	0	0	0	0
SRR4448187	607751	0	562986	26970	9990	1323	6507	71	43	10	14	15690	0	0	0	0	0	0	0	0
SRR4448188	1086176	0	1014272	30874	12173	1717	7429	82	41	2	13	35995	0	0	0	0	0	0	0	0
SRR4448189	567323	0	522581	26890	10777	1515	6281	85	49	7	16	15867	0	0	0	0	0	0	0	0
SRR4448190	1206937	0	1128445	37902	12550	1696	9533	83	48	9	15	36242	0	0	0	0	0	0	0	0
SRR4448191	1671525	0	1571282	47480	14644	2000	11943	110	54	7	19	44283	0	0	0	0	0	0	0	0
SRR4448192	543391	0	503348	23555	9918	1381	5662	77	35	9	18	14433	0	0	0	0	0	0	0	0
SRR4448193	1081059	0	1013310	34474	12738	1793	8620	98	58	8	14	28988	0	0	0	0	0	0	0	0
SRR4448194	865062	0	806112	32683	11478	1587	8349	73	44	5	10	22889	0	0	0	0	0	0	0	0
SRR4448195	1386578	0	1303849	43150	14085	1864	10975	99	49	6	15	35254	0	0	0	0	0	0	0	0
SRR4448196	1567430	0	1473237	40640	13772	1934	10156	105	58	15	29	46782	0	0	0	0	0	0	0	0
SRR4448197	471477	0	433335	23560	7841	1035	5731	64	32	8	15	12327	0	0	0	0	0	0	0	0
SRR4448198	2064921	0	1946464	53419	16739	2232	13180	108	61	10	15	55140	0	0	0	0	0	0	0	0
SRR4448199	849073	0	793548	28658	12315	1638	6458	73	50	12	16	23923	0	0	0	0	0	0	0	0
SRR4448200	1147630	0	1075743	42619	13317	1820	10952	100	46	8	19	25409	0	0	0	0	0	0	0	0
SRR4448201	1322182	0	1241218	37748	14342	1849	8783	106	65	7	14	37126	0	0	0	0	0	0	0	0
SRR4448202	928383	0	867743	29469	12786	1777	6809	72	45	7	11	26333	0	0	0	0	0	0	0	0
SRR4448203	558391	0	512895	26215	10103	1315	6127	62	37	5	13	16670	0	0	0	0	0	0	0	0
SRR4448204	1330541	0	1250003	40748	14654	2031	10204	120	70	7	16	33136	0	0	0	0	0	0	0	0
SRR4448205	1408835	0	1322039	50699	12941	1655	13385	112	61	11	22	30701	0	0	0	0	0	0	0	0
SRR4448206	2553371	0	2415709	60897	15351	2044	15002	107	54	11	19	65702	0	0	0	0	0	0	0	0
SRR4448207	2360807	0	2236767	57544	18254	2275	13889	170	72	17	43	55882	0	0	0	0	0	0	0	0
SRR4448208	3601284	0	3400195	81832	21187	2743	17681	305	131	23	55	101721	0	0	0	0	0	0	0	0
SRR4448209	1457095	0	1377796	40713	13871	1971	10632	75	52	9	13	34862	0	0	0	0	0	0	0	0
SRR4448210	1871803	0	1763331	47300	15494	2037	11797	97	54	9	25	52799	0	0	0	0	0	0	0	0
SRR4448211	662269	0	616250	23920	9754	1480	5754	86	55	23	39	18389	0	0	0	0	0	0	0	0
SRR4448212	6137128	0	5614226	154475	18678	2495	46296	457	166	107	275	351507	0	0	0	0	0	0	0	0
SRR4448213	558813	0	515637	27853	10428	1488	6667	78	44	5	15	13680	0	0	0	0	0	0	0	0
SRR4448214	736164	0	679108	33119	11326	1518	8154	81	49	7	12	20871	0	0	0	0	0	0	0	0
SRR4448215	932532	0	872900	30144	11924	1732	7379	69	33	3	13	25911	0	0	0	0	0	0	0	0
SRR4448216	557760	0	518048	25515	9954	1471	6407	63	24	3	15	12479	0	0	0	0	0	0	0	0
SRR4448217	1508729	0	1416340	42933	15841	2005	9736	133	68	12	30	41665	0	0	0	0	0	0	0	0
SRR4448218	3437342	0	3204191	95394	20785	2975	21987	432	202	107	227	121971	0	0	0	0	0	0	0	0
SRR4448219	742696	0	689996	29152	11176	1482	6750	71	37	6	14	20953	0	0	0	0	0	0	0	0
SRR4448220	3447785	0	3233783	99889	21669	2869	22475	419	161	43	141	97766	0	0	0	0	0	0	0	0
SRR4448221	840109	0	779957	34998	10904	1498	8418	61	34	6	9	22879	0	0	0	0	0	0	0	0
SRR4448222	1378727	0	1300027	39333	14145	1874	9221	83	44	8	14	34717	0	0	0	0	0	0	0	0
SRR4448223	1370098	0	1275489	46417	15278	2019	11418	121	53	12	29	43182	0	0	0	0	0	0	0	0
SRR4448224	1029765	0	958215	33843	12810	1776	8150	92	45	6	19	33745	0	0	0	0	0	0	0	0
SRR4448225	1288960	0	1209253	39328	12475	1664	9976	91	49	5	12	34418	0	0	0	0	0	0	0	0
SRR4448226	804129	0	748294	31262	11139	1642	8088	77	50	10	15	21064	0	0	0	0	0	0	0	0
SRR4448227	876499	0	816913	28256	10883	1498	6933	82	41	7	23	27279	0	0	0	0	0	0	0	0
SRR4448228	783890	0	732329	29335	11156	1505	7159	59	35	7	12	19438	0	0	0	0	0	0	0	0
SRR4448229	852734	0	795339	31263	11419	1574	7876	73	43	8	14	22253	0	0	0	0	0	0	0	0
SRR4448230	604790	0	557235	30944	10212	1472	7417	76	43	12	16	14303	0	0	0	0	0	0	0	0
SRR4448231	1847930	0	1738023	59089	15834	2112	16077	120	57	9	21	44126	0	0	0	0	0	0	0	0
SRR4448232	1541253	0	1447873	43025	15724	2120	10282	130	77	16	26	42391	0	0	0	0	0	0	0	0
SRR4448233	1112452	0	1033501	37507	13503	1810	8724	87	52	8	18	35891	0	0	0	0	0	0	0	0
SRR4448234	674083	0	629098	25809	10589	1502	6193	61	35	6	8	16755	0	0	0	0	0	0	0	0
SRR4448235	3884730	0	3625851	131578	20428	2718	29154	359	129	45	119	111220	0	0	0	0	0	0	0	0
SRR4448236	1368628	0	1278033	41341	14800	1994	9906	99	63	9	16	43194	0	0	0	0	0	0	0	0
SRR4448237	2086269	0	1968092	52485	15605	2125	13607	110	61	7	20	55187	0	0	0	0	0	0	0	0
SRR4448238	1195217	0	1120701	36891	14286	1890	8317	98	48	7	20	32503	0	0	0	0	0	0	0	0
SRR4448239	1501925	0	1413572	43045	15176	2026	10475	121	60	8	22	40050	0	0	0	0	0	0	0	0
SRR4448240	887359	0	825293	33474	12062	1477	8146	75	48	7	13	24781	0	0	0	0	0	0	0	0
SRR4448241	1119999	0	1055635	29184	11401	1707	7364	78	44	6	18	30641	0	0	0	0	0	0	0	0
SRR4448242	2758956	0	2611220	58077	17477	2326	15057	108	57	13	26	78929	0	0	0	0	0	0	0	0
SRR4448243	2101004	0	1967144	61516	14899	2018	15208	118	59	15	30	64567	0	0	0	0	0	0	0	0
SRR4448244	1212285	0	1135895	37711	13209	1757	8990	89	42	10	21	34238	0	0	0	0	0	0	0	0
SRR4448245	827656	0	770035	28888	11233	1637	7268	68	43	6	8	24959	0	0	0	0	0	0	0	0
SRR4448246	793763	0	740318	28625	11199	1554	6852	67	29	4	13	21943	0	0	0	0	0	0	0	0
SRR4448247	809581	0	753959	32226	12207	1704	7831	77	39	6	18	21293	0	0	0	0	0	0	0	0
SRR4448248	878917	0	819970	29049	10693	1501	7319	72	38	3	14	26045	0	0	0	0	0	0	0	0
SRR4448249	1494846	0	1405005	40552	12551	1722	10885	91	58	11	21	43760	0	0	0	0	0	0	0	0
SRR4448250	976832	0	916238	35152	12108	1761	9393	68	32	4	10	22354	0	0	0	0	0	0	0	0
SRR4448251	1352117	0	1268543	38867	14057	1843	9375	91	46	2	19	38893	0	0	0	0	0	0	0	0
SRR4448252	735921	0	687646	28734	11771	1599	6845	83	37	4	15	16595	0	0	0	0	0	0	0	0
SRR4448253	1022162	0	954441	35410	13206	1779	8461	90	55	9	17	27613	0	0	0	0	0	0	0	0
SRR4448254	1368478	0	1286494	39986	12854	1679	10163	112	52	6	18	36932	0	0	0	0	0	0	0	0
SRR4448255	1131217	0	1062116	32092	12244	1680	7852	89	55	10	13	31375	0	0	0	0	0	0	0	0
SRR4448256	1033894	0	962339	31575	12344	1688	7470	90	50	8	13	35141	0	0	0	0	0	0	0	0
SRR4448257	1653032	0	1565204	46266	15492	2183	11783	108	57	8	21	36656	0	0	0	0	0	0	0	0
SRR4448258	1295377	0	1218034	42059	13097	1792	10790	97	53	5	14	29559	0	0	0	0	0	0	0	0
SRR4448259	1876870	0	1768509	44807	15440	2161	10901	104	45	7	19	55011	0	0	0	0	0	0	0	0
SRR4448260	2320213	0	2195416	50861	16704	2278	12960	127	64	14	35	64234	0	0	0	0	0	0	0	0
SRR4448261	888518	0	828370	31253	12219	1590	7406	82	34	7	24	25767	0	0	0	0	0	0	0	0
SRR4448262	1026410	0	958321	31833	12089	1724	7924	87	46	3	11	30605	0	0	0	0	0	0	0	0
SRR4448263	870735	0	812765	34936	12976	1794	8411	89	42	7	13	18860	0	0	0	0	0	0	0	0
SRR4448264	551287	0	510552	22567	9897	1475	5394	73	41	8	10	15565	0	0	0	0	0	0	0	0
SRR4448265	1299017	0	1224243	36217	14406	1962	8507	111	61	6	13	33138	0	0	0	0	0	0	0	0
SRR4448266	662887	0	611314	28553	11098	1368	6442	76	46	9	12	20015	0	0	0	0	0	0	0	0
SRR4448267	858836	0	800662	29350	10517	1484	7443	84	47	6	14	24858	0	0	0	0	0	0	0	0
SRR4448268	999204	0	934458	35458	12794	1656	8488	90	47	10	20	25518	0	0	0	0	0	0	0	0
SRR4448269	1482811	0	1398094	44148	15113	2074	11034	91	56	9	18	35796	0	0	0	0	0	0	0	0
SRR4448270	971845	0	905620	31843	11341	1629	7779	112	56	23	41	29081	0	0	0	0	0	0	0	0
SRR4448271	1016701	0	949691	35641	13037	1695	8524	108	60	11	27	26966	0	0	0	0	0	0	0	0
SRR4448272	3648338	0	3449318	80810	18225	2228	18533	293	96	17	65	101088	0	0	0	0	0	0	0	0
SRR4448273	3252914	0	3068714	80508	19266	2492	18379	221	89	14	40	91568	0	0	0	0	0	0	0	0
SRR4448274	1046104	0	980113	33558	12183	1670	8073	94	55	9	22	28469	0	0	0	0	0	0	0	0
SRR4448275	809033	0	754082	31297	10788	1463	7295	69	44	5	8	19735	0	0	0	0	0	0	0	0
SRR4448276	1034382	0	967286	37726	12799	1745	9798	106	50	10	18	24911	0	0	0	0	0	0	0	0
SRR4448277	924488	0	860142	35777	10902	1467	9590	74	41	6	13	25112	0	0	0	0	0	0	0	0
SRR4448278	1071990	0	1003298	39177	12986	1855	9245	88	44	3	10	24102	0	0	0	0	0	0	0	0
SRR4448279	3737756	0	3515663	95311	20487	2707	20041	292	99	18	63	106782	0	0	0	0	0	0	0	0
SRR4448280	1879505	0	1769546	49360	16133	2184	12413	113	63	9	24	52218	0	0	0	0	0	0	0	0
SRR4448281	909956	0	852936	29398	12238	1745	6981	79	39	9	18	24348	0	0	0	0	0	0	0	0
SRR4448282	1127707	0	1058606	31404	11978	1749	7930	78	38	4	11	33339	0	0	0	0	0	0	0	0
SRR4448283	1088852	0	1022323	33683	12728	1798	8348	72	44	7	15	28354	0	0	0	0	0	0	0	0
SRR4448284	965315	0	901034	30680	11918	1785	7738	66	41	7	14	29300	0	0	0	0	0	0	0	0
SRR4448285	628910	0	580956	28526	10758	1487	7108	78	45	10	17	16654	0	0	0	0	0	0	0	0
SRR4448286	1062895	0	982632	51058	11127	1482	12629	86	40	8	16	24524	0	0	0	0	0	0	0	0
SRR4448287	1196144	0	1123022	35585	12663	1832	8986	81	42	5	12	32754	0	0	0	0	0	0	0	0
SRR4448288	807562	0	751811	29532	11165	1497	7336	75	39	8	14	22633	0	0	0	0	0	0	0	0
SRR4448289	950902	0	891539	30626	12467	1649	7031	90	43	8	16	24157	0	0	0	0	0	0	0	0
SRR4448290	820136	0	763877	31915	11754	1551	7563	69	39	5	16	21029	0	0	0	0	0	0	0	0
SRR4448291	2455424	0	2302016	64004	16198	2270	13912	248	100	24	70	76845	0	0	0	0	0	0	0	0
SRR4448292	923273	0	861866	32023	11366	1581	7931	67	44	10	17	26260	0	0	0	0	0	0	0	0
SRR4448293	1201717	0	1120074	40548	14287	1936	9707	93	50	7	19	36720	0	0	0	0	0	0	0	0
SRR4448294	3238770	0	3040765	54675	15486	2314	12677	321	128	53	128	125925	0	0	0	0	0	0	0	0
SRR4448295	1079792	0	1012329	31484	11442	1658	7788	84	47	7	15	29999	0	0	0	0	0	0	0	0
SRR4448296	880568	0	818830	36113	11986	1497	8771	87	52	7	15	21348	0	0	0	0	0	0	0	0
SRR4448297	662651	0	616641	26197	9686	1423	6806	73	34	3	10	17597	0	0	0	0	0	0	0	0
SRR4448298	2132182	0	2012930	59078	16816	2233	15342	126	69	16	31	53330	0	0	0	0	0	0	0	0
SRR4448299	2339122	0	2204449	52514	17604	2377	12971	133	66	10	33	70970	0	0	0	0	0	0	0	0
SRR4448300	1413248	0	1327774	40344	15121	1976	9351	95	50	10	22	38533	0	0	0	0	0	0	0	0
SRR4448301	764932	0	716315	27744	11115	1534	6821	62	37	7	16	19234	0	0	0	0	0	0	0	0
SRR4448302	3383527	0	3175478	94652	20699	2833	22205	280	108	21	64	97625	0	0	0	0	0	0	0	0
SRR4448303	668569	0	623150	26077	11095	1521	6287	81	38	8	18	16329	0	0	0	0	0	0	0	0
SRR4448304	666029	0	622448	23532	11083	1529	5143	86	51	6	15	17159	0	0	0	0	0	0	0	0
SRR4448305	1367762	0	1288544	34917	13215	1900	8529	81	52	12	16	38606	0	0	0	0	0	0	0	0
SRR4448306	651471	0	605444	27051	11007	1613	6715	67	42	6	13	16335	0	0	0	0	0	0	0	0
SRR4448307	1008281	0	943254	34804	12771	1734	8517	97	63	20	28	26963	0	0	0	0	0	0	0	0
SRR4448308	654075	0	603409	29731	10796	1437	7203	67	35	5	14	17754	0	0	0	0	0	0	0	0
SRR4448309	985092	0	920372	33700	12395	1568	7986	92	51	13	21	26961	0	0	0	0	0	0	0	0
SRR4448310	548747	0	508443	25304	9952	1310	5764	77	39	10	26	13057	0	0	0	0	0	0	0	0
SRR4448311	1198097	0	1120785	41354	13984	1810	10155	93	49	7	19	31436	0	0	0	0	0	0	0	0
SRR4448312	1234197	0	1156425	40537	14350	1914	9719	88	46	7	17	32553	0	0	0	0	0	0	0	0
SRR4448313	706742	0	656316	24892	9688	1389	5918	80	49	12	24	21560	0	0	0	0	0	0	0	0
SRR4448314	1532594	0	1440102	43306	14379	2009	11046	118	67	11	28	43163	0	0	0	0	0	0	0	0
SRR4448315	1508113	0	1415127	42231	14867	1996	10451	98	52	6	15	43821	0	0	0	0	0	0	0	0
SRR4448316	1177153	0	1103289	33472	12720	1709	8087	67	38	8	11	36160	0	0	0	0	0	0	0	0
SRR4448317	852766	0	793585	32077	11946	1595	7669	76	51	14	17	24485	0	0	0	0	0	0	0	0
SRR4448318	3990824	0	3748916	109358	21116	2681	22855	276	103	16	49	111497	0	0	0	0	0	0	0	0
SRR4448319	720188	0	672977	25216	10871	1532	6154	82	44	7	17	19144	0	0	0	0	0	0	0	0
SRR4448320	1496368	0	1410029	42787	14953	2009	10402	105	52	7	16	36338	0	0	0	0	0	0	0	0
SRR4448321	1615961	0	1524549	47445	15699	2069	11757	91	59	10	15	37867	0	0	0	0	0	0	0	0
SRR4448324	570067	0	524906	31485	7724	987	8643	54	30	4	11	11950	0	0	0	0	0	0	0	0
SRR4448325	1980963	0	1865217	46501	16629	2238	11248	117	71	11	23	60080	0	0	0	0	0	0	0	0
SRR4448326	721214	0	669927	28882	11309	1538	6896	78	50	3	9	18652	0	0	0	0	0	0	0	0
SRR4448327	944451	0	884564	31631	12917	1687	7383	78	41	6	13	24750	0	0	0	0	0	0	0	0
SRR4448328	573956	0	528265	27264	10064	1397	6733	67	36	7	15	15906	0	0	0	0	0	0	0	0
SRR4448329	3530952	0	3324692	101254	21412	2700	21744	266	116	27	69	91791	0	0	0	0	0	0	0	0
SRR4448330	504874	0	469242	21630	9551	1398	5146	64	42	15	19	12437	0	0	0	0	0	0	0	0
SRR4448331	602484	0	557856	25242	10923	1448	5686	74	35	3	14	16758	0	0	0	0	0	0	0	0
SRR4448332	1076576	0	1009662	32228	12349	1744	7874	74	41	12	25	30545	0	0	0	0	0	0	0	0
SRR4448333	3584412	0	3236239	113487	20577	4077	28557	1062	505	400	763	215996	0	0	0	0	0	0	0	0
SRR4448334	1440698	0	1355682	44906	15249	2027	11392	116	64	7	18	34109	0	0	0	0	0	0	0	0
SRR4448335	544243	0	505115	23556	9703	1348	5640	71	50	7	11	13426	0	0	0	0	0	0	0	0
SRR4448336	713229	0	664463	27810	11801	1586	6202	82	44	9	14	18094	0	0	0	0	0	0	0	0
SRR4448337	2469462	0	2325324	56771	16469	2243	15066	121	53	11	28	76322	0	0	0	0	0	0	0	0
SRR4448338	485664	0	447240	25752	9123	1326	6335	57	33	5	6	10455	0	0	0	0	0	0	0	0
SRR4448339	1291331	0	1210222	38991	13453	1927	10109	88	51	11	24	36876	0	0	0	0	0	0	0	0
SRR4448340	1648637	0	1542973	41064	14421	2056	10357	112	69	14	23	55233	0	0	0	0	0	0	0	0
SRR4448341	1569301	0	1473513	43949	15119	2156	11228	117	67	9	26	44075	0	0	0	0	0	0	0	0
SRR4448342	1648786	0	1556463	41654	14931	2030	10162	119	60	8	25	44166	0	0	0	0	0	0	0	0
SRR4448343	1092868	0	1022410	34395	11752	1551	8600	98	45	7	11	31397	0	0	0	0	0	0	0	0
SRR4448344	1020529	0	956882	35204	12469	1676	8731	85	55	8	15	24549	0	0	0	0	0	0	0	0
SRR4448345	1036161	0	969577	35656	12108	1620	8939	85	55	5	15	25829	0	0	0	0	0	0	0	0
SRR4448346	980443	0	912643	38521	11159	1506	10065	68	41	9	15	25634	0	0	0	0	0	0	0	0
SRR4448347	502735	0	462026	25928	10273	1408	6032	77	44	7	16	12829	0	0	0	0	0	0	0	0
SRR4448348	569315	0	527893	22993	8902	1345	5497	63	40	8	11	16321	0	0	0	0	0	0	0	0
SRR4448349	1345510	0	1259133	46797	15194	2201	11898	192	90	31	55	33932	0	0	0	0	0	0	0	0
SRR4448350	2046526	0	1920784	52434	16648	2173	12936	117	63	6	19	63927	0	0	0	0	0	0	0	0
SRR4448351	1474247	0	1387029	39804	15327	1989	9659	142	87	15	29	39826	0	0	0	0	0	0	0	0
SRR4448352	1069832	0	998718	40175	14096	1958	9765	104	54	11	20	27963	0	0	0	0	0	0	0	0
SRR4448353	754313	0	703909	29268	11513	1549	7158	78	53	6	10	18685	0	0	0	0	0	0	0	0
SRR4448354	768524	0	714027	28313	11470	1591	6831	86	58	10	15	22457	0	0	0	0	0	0	0	0
SRR4448355	782828	0	727262	35729	11616	1571	8530	70	38	8	13	17293	0	0	0	0	0	0	0	0
SRR4448356	1395565	0	1311408	49267	14367	2077	12124	88	38	4	14	30564	0	0	0	0	0	0	0	0
SRR4448357	3643429	0	3423794	82443	21836	3707	19121	655	364	279	460	122904	0	0	0	0	0	0	0	0
SRR4448358	644872	0	597782	24306	9453	1331	5976	58	44	8	9	20494	0	0	0	0	0	0	0	0
SRR4448359	328976	0	300038	18811	8287	1252	4538	66	38	8	15	8760	0	0	0	0	0	0	0	0
SRR4448360	1409206	0	1321471	42032	15011	1955	9921	102	55	11	25	38800	0	0	0	0	0	0	0	0
SRR4448361	2828634	0	2656257	79656	18680	2379	17320	225	97	19	41	80819	0	0	0	0	0	0	0	0
SRR4448362	597038	0	556129	21671	9317	1270	5165	76	48	6	15	15695	0	0	0	0	0	0	0	0
SRR4448363	1508759	0	1415810	47430	15641	2145	11864	115	54	6	28	38491	0	0	0	0	0	0	0	0
SRR4448364	1129446	0	1058867	30691	11648	1684	7625	84	53	11	14	34430	0	0	0	0	0	0	0	0
SRR4448365	678027	0	631159	25515	10628	1535	6222	68	41	6	12	18700	0	0	0	0	0	0	0	0
SRR4448366	1257005	0	1190018	27855	14021	2188	6202	67	44	7	10	32825	0	0	0	0	0	0	0	0
SRR4448367	1568444	0	1467943	44402	14589	1953	11082	100	54	6	17	49252	0	0	0	0	0	0	0	0
SRR4448368	528293	0	491924	21755	9629	1308	5081	48	29	4	12	12457	0	0	0	0	0	0	0	0
SRR4448369	1288434	0	1205968	42605	13895	2376	11419	267	151	108	178	34057	0	0	0	0	0	0	0	0
SRR4448370	1047319	0	983182	36008	12403	1695	9232	81	41	11	21	24393	0	0	0	0	0	0	0	0
SRR4448371	1090734	0	1022944	35273	12603	1688	8682	82	39	5	17	28883	0	0	0	0	0	0	0	0
SRR4448372	1009732	0	935970	41450	11495	1494	10853	94	49	8	19	28861	0	0	0	0	0	0	0	0
SRR4448373	1056469	0	987009	34464	13011	1715	8078	86	54	11	16	30221	0	0	0	0	0	0	0	0
SRR4448374	676811	0	624857	29087	9673	1346	7407	50	34	3	3	19746	0	0	0	0	0	0	0	0
SRR4448375	643790	0	600602	25338	11055	1535	5820	69	40	6	9	14850	0	0	0	0	0	0	0	0
SRR4448376	916857	0	857452	28988	11791	1778	7200	78	35	6	15	27179	0	0	0	0	0	0	0	0
SRR4448377	565861	0	527527	21592	9369	1359	5166	63	37	8	17	14566	0	0	0	0	0	0	0	0
SRR4448378	3500453	0	3284830	106897	21473	2942	23324	323	146	60	130	95604	0	0	0	0	0	0	0	0
SRR4448379	673007	0	626009	25559	9730	1233	6137	70	44	6	10	18453	0	0	0	0	0	0	0	0
SRR4448380	1825906	0	1712038	44924	15694	2173	10921	114	55	8	20	60722	0	0	0	0	0	0	0	0
SRR4448381	518485	0	480083	21382	8722	1223	5097	63	39	7	14	14436	0	0	0	0	0	0	0	0
SRR4448382	1061473	0	977640	49044	9454	1348	13679	131	66	43	83	32427	0	0	0	0	0	0	0	0
SRR4448383	1020568	0	952467	29725	11257	1588	7310	83	54	11	16	34418	0	0	0	0	0	0	0	0
SRR4448384	608567	0	565894	23536	10164	1522	5630	64	38	5	11	17037	0	0	0	0	0	0	0	0
SRR4448385	1844287	0	1737164	50245	15199	2030	12414	98	53	12	27	48786	0	0	0	0	0	0	0	0
SRR4448386	1237003	0	1158275	40608	13537	1835	10273	88	43	9	19	34177	0	0	0	0	0	0	0	0
SRR4448387	971985	0	908447	37633	13496	1793	8962	102	58	10	23	22492	0	0	0	0	0	0	0	0
SRR4448388	2058236	0	1936106	51872	16011	2195	13404	128	54	14	34	61194	0	0	0	0	0	0	0	0
SRR4448389	1726031	0	1616845	45910	13479	1796	11586	117	54	6	25	56797	0	0	0	0	0	0	0	0
SRR4448390	784313	0	723473	38275	14478	2169	9202	217	88	33	73	20127	0	0	0	0	0	0	0	0
SRR4448391	1363431	0	1282374	44674	15017	2079	11100	123	57	9	26	29882	0	0	0	0	0	0	0	0
SRR4448392	3490035	0	3269252	88530	20834	3005	20695	441	195	112	237	116119	0	0	0	0	0	0	0	0
SRR4448393	3628463	0	3409297	115502	22053	2897	25357	305	112	17	82	86908	0	0	0	0	0	0	0	0
SRR4448394	1565960	0	1467455	41540	14862	2042	10232	106	57	10	28	50402	0	0	0	0	0	0	0	0
SRR4448395	943416	0	880695	34944	12882	1697	8363	81	49	7	15	23637	0	0	0	0	0	0	0	0
SRR4448396	1148414	0	1080106	39680	13680	1768	9754	87	41	9	19	23760	0	0	0	0	0	0	0	0
SRR4448397	773897	0	722997	29695	11103	1590	7393	78	47	7	11	18415	0	0	0	0	0	0	0	0
SRR4448398	1389501	0	1300464	41607	15125	1994	9825	116	63	12	21	42101	0	0	0	0	0	0	0	0
SRR4448399	983091	0	919630	31954	13090	1781	7493	86	54	8	15	27269	0	0	0	0	0	0	0	0
SRR4448400	1180484	0	1100397	49300	11464	1551	13827	81	46	8	23	27496	0	0	0	0	0	0	0	0
SRR4448401	1501549	0	1406344	47857	15531	2014	11782	114	61	9	24	41164	0	0	0	0	0	0	0	0
SRR4448402	1315829	0	1233089	42606	12171	1672	11191	89	51	10	16	35548	0	0	0	0	0	0	0	0
SRR4448403	1143010	0	1071371	34452	12890	1812	8420	80	53	9	15	31972	0	0	0	0	0	0	0	0
SRR4448404	1495537	0	1403690	37924	14962	2085	8995	139	77	21	40	46286	0	0	0	0	0	0	0	0
SRR4448405	503282	0	461530	25976	9371	1380	6322	72	39	5	10	13147	0	0	0	0	0	0	0	0
SRR4448406	1272752	0	1195117	34449	12871	1840	8621	74	32	6	18	38615	0	0	0	0	0	0	0	0
SRR4448407	1136602	0	1067761	36414	13220	1806	8872	68	38	5	10	28104	0	0	0	0	0	0	0	0
SRR4448408	2532065	0	2395071	55504	17144	2350	13927	146	65	13	36	71721	0	0	0	0	0	0	0	0
SRR4448409	3465765	0	3242531	93011	22681	3466	21910	620	284	184	346	112565	0	0	0	0	0	0	0	0
SRR4448410	741923	0	691197	27496	10509	1479	6828	56	40	10	13	20759	0	0	0	0	0	0	0	0
SRR4448411	743241	0	689323	28281	10491	1435	6915	69	42	6	8	22347	0	0	0	0	0	0	0	0
SRR4448412	808058	0	755564	29297	11846	1639	6880	92	51	6	17	19290	0	0	0	0	0	0	0	0
SRR4448413	1192834	0	1114433	41873	12266	1693	10889	80	37	4	13	31899	0	0	0	0	0	0	0	0
SRR4448414	922722	0	862933	31719	11328	1529	7862	82	51	7	15	24732	0	0	0	0	0	0	0	0
SRR4448415	847895	0	792945	28059	11029	1503	6744	71	47	8	10	23506	0	0	0	0	0	0	0	0
SRR4448416	768016	0	714008	29702	11638	1562	7112	77	47	2	10	20924	0	0	0	0	0	0	0	0
SRR4448417	1159948	0	1090213	34611	13174	1876	8288	81	53	8	11	30247	0	0	0	0	0	0	0	0
SRR4448418	1005556	0	930782	33887	13797	2254	8521	241	136	80	129	37213	0	0	0	0	0	0	0	0
SRR4448419	596476	0	553847	23273	9779	1378	5588	69	40	7	14	16709	0	0	0	0	0	0	0	0
SRR4448420	1429388	0	1345291	42024	15258	1988	9973	90	54	5	11	36220	0	0	0	0	0	0	0	0
SRR4448421	949853	0	881538	37664	13022	1722	9180	94	51	12	21	26496	0	0	0	0	0	0	0	0
SRR4448422	835394	0	777258	31915	12068	1493	7406	97	53	4	13	22430	0	0	0	0	0	0	0	0
SRR4448423	593012	0	547261	28150	10654	1409	6612	64	35	7	12	15751	0	0	0	0	0	0	0	0
SRR4448424	1527030	0	1438698	42875	13866	1995	11048	86	53	8	15	38691	0	0	0	0	0	0	0	0
SRR4448425	618717	0	572342	25503	10403	1426	5869	65	39	6	12	17869	0	0	0	0	0	0	0	0
SRR4448426	1440620	0	1350734	48114	12100	1538	12489	91	39	5	17	36488	0	0	0	0	0	0	0	0
SRR4448427	861564	0	800559	38190	10254	1350	10172	82	43	8	20	20306	0	0	0	0	0	0	0	0
SRR4448428	1138442	0	1070046	35803	14021	1835	8298	100	61	11	21	27700	0	0	0	0	0	0	0	0
SRR4448429	710932	0	661397	26073	10177	1424	6315	69	46	8	16	20191	0	0	0	0	0	0	0	0
SRR4448430	1812671	0	1712098	46827	16038	2254	11757	69	39	7	13	47262	0	0	0	0	0	0	0	0
SRR4448431	894301	0	835643	31358	11593	1539	7437	77	47	8	12	23313	0	0	0	0	0	0	0	0
SRR4448432	1231456	0	1150698	38093	14312	1838	8851	108	62	7	15	36804	0	0	0	0	0	0	0	0
SRR4448433	937780	0	874199	33261	12833	1608	7482	109	50	12	27	26232	0	0	0	0	0	0	0	0
SRR4448434	1129533	0	1056102	38542	12729	1837	10038	95	48	5	11	30232	0	0	0	0	0	0	0	0
SRR4448435	2936647	0	2774204	41122	15056	2369	9367	239	92	17	65	108332	0	0	0	0	0	0	0	0
SRR4448436	1199535	0	1122695	36906	14149	1913	8774	97	58	8	12	33289	0	0	0	0	0	0	0	0
SRR4448437	2414371	0	2250303	80256	17525	2260	16558	208	93	18	39	72389	0	0	0	0	0	0	0	0
SRR4448438	1578847	0	1479500	47418	12534	1673	12803	95	47	7	27	45460	0	0	0	0	0	0	0	0
SRR4448439	2525547	0	2235661	48060	13779	4359	15110	1206	604	547	1055	228010	0	0	0	0	0	0	0	0
SRR4448440	1097778	0	1029289	37841	12738	1893	9915	80	45	10	21	27148	0	0	0	0	0	0	0	0
SRR4448441	1913213	0	1802772	48814	16328	2141	12126	96	50	3	16	53289	0	0	0	0	0	0	0	0
SRR4448442	1897223	0	1790120	46854	13740	1976	12418	111	54	8	20	52957	0	0	0	0	0	0	0	0
SRR4448443	800829	0	748094	29200	12138	1604	6620	102	52	8	21	19997	0	0	0	0	0	0	0	0
SRR4448444	1479489	0	1394860	42530	14483	2101	11087	124	59	27	55	38734	0	0	0	0	0	0	0	0
SRR4448445	1199363	0	1127672	34950	14335	1953	8035	90	45	7	17	31996	0	0	0	0	0	0	0	0
SRR4448446	1410355	0	1329022	38212	14411	2018	9342	91	53	12	20	38123	0	0	0	0	0	0	0	0
SRR4448447	592669	0	549464	24848	9263	1330	6310	73	39	4	10	15260	0	0	0	0	0	0	0	0
SRR4448448	1048896	0	980526	36410	11583	1610	9389	71	41	5	15	27863	0	0	0	0	0	0	0	0
SRR4448449	2770273	0	2624599	55622	17480	2335	14371	159	69	9	27	77116	0	0	0	0	0	0	0	0
SRR4448450	3737903	0	3500852	106277	21275	2825	25843	400	165	50	118	116127	0	0	0	0	0	0	0	0
SRR4448451	1177264	0	1107535	36392	13564	1940	9173	97	48	7	14	28511	0	0	0	0	0	0	0	0
SRR4448452	986303	0	919446	27650	11633	1689	6700	83	47	6	12	34549	0	0	0	0	0	0	0	0
SRR4448453	1092094	0	1021399	41592	11541	1516	11137	85	44	9	18	25243	0	0	0	0	0	0	0	0
SRR4448454	1873733	0	1769899	47692	15850	2119	11794	105	59	9	18	49027	0	0	0	0	0	0	0	0
SRR4448455	666566	0	620848	26028	10656	1508	6170	76	44	8	15	17517	0	0	0	0	0	0	0	0
SRR4448456	1826890	0	1725216	46321	15813	2042	11400	103	56	7	17	47758	0	0	0	0	0	0	0	0
SRR4448457	860010	0	800615	33792	12476	1645	8082	89	51	9	14	22299	0	0	0	0	0	0	0	0
SRR4448458	1627738	0	1528317	42428	14064	1909	10568	96	56	10	21	51292	0	0	0	0	0	0	0	0
SRR4448459	338029	0	308219	20259	7459	1094	4975	55	30	2	8	8149	0	0	0	0	0	0	0	0
SRR4448460	715673	0	661152	37717	9393	1232	10353	71	36	7	14	14332	0	0	0	0	0	0	0	0
SRR4448461	1347972	0	1266919	38091	12020	1659	9964	79	47	8	13	37749	0	0	0	0	0	0	0	0
SRR4448462	2666744	0	2487571	81500	18200	2535	18835	376	167	71	147	84671	0	0	0	0	0	0	0	0
SRR4448463	1114254	0	1047503	35711	11016	1578	9578	63	41	8	12	26343	0	0	0	0	0	0	0	0
SRR4448464	990432	0	917742	41885	11677	1650	11085	85	50	16	26	27839	0	0	0	0	0	0	0	0
SRR4448465	1294915	0	1215366	39259	14677	1928	9223	106	56	9	19	34899	0	0	0	0	0	0	0	0
SRR4448466	1294653	0	1215128	38349	13257	1750	9720	85	52	10	16	35457	0	0	0	0	0	0	0	0
SRR4448467	3487819	0	3288021	83321	20884	2699	19018	396	151	50	125	98660	0	0	0	0	0	0	0	0
SRR4448468	1117875	0	1047742	35980	12562	1757	9045	90	46	4	12	29295	0	0	0	0	0	0	0	0
SRR4448469	854053	0	799525	28606	12816	1701	6206	97	50	10	23	21657	0	0	0	0	0	0	0	0
SRR4448470	734328	0	678759	28524	10807	1543	6946	76	47	9	13	23214	0	0	0	0	0	0	0	0
SRR4448471	2037808	0	1922818	48650	13160	1744	13166	103	49	12	19	57569	0	0	0	0	0	0	0	0
SRR4448472	1165476	0	1093049	36470	12148	1783	8872	74	46	9	11	31150	0	0	0	0	0	0	0	0
SRR4448473	868175	0	805232	30745	11707	1522	7117	77	48	6	14	28011	0	0	0	0	0	0	0	0
SRR4448474	722600	0	674329	28008	12187	1577	6100	94	54	9	15	17101	0	0	0	0	0	0	0	0
SRR4448475	4162668	0	3814689	115751	24608	4595	28683	1071	542	422	762	209196	0	0	0	0	0	0	0	0
SRR4448476	1314568	0	1233846	40989	14446	1985	9961	93	53	6	16	34142	0	0	0	0	0	0	0	0
SRR4448477	295039	0	270125	16471	6728	945	4061	56	42	13	16	7074	0	0	0	0	0	0	0	0
SRR4448478	675249	0	623682	30469	11092	1458	7163	86	45	6	16	18068	0	0	0	0	0	0	0	0
SRR4448479	1425918	0	1341998	39898	13808	1852	9950	95	53	10	17	37746	0	0	0	0	0	0	0	0
SRR4448480	1013355	0	947353	36769	13045	1805	9116	87	55	7	21	25259	0	0	0	0	0	0	0	0
SRR4448481	608326	0	563833	27234	10208	1401	6840	70	42	9	12	14823	0	0	0	0	0	0	0	0
SRR4448482	742661	0	690855	27711	11445	1557	6543	87	39	4	16	21030	0	0	0	0	0	0	0	0
SRR4448483	1095271	0	1023994	32676	12835	1726	7646	78	40	6	15	34086	0	0	0	0	0	0	0	0
SRR4448484	1396298	0	1310333	46595	15503	2099	11311	118	62	8	19	33470	0	0	0	0	0	0	0	0
SRR4448485	1241216	0	1158308	42659	13458	1777	10471	99	47	7	22	35075	0	0	0	0	0	0	0	0
SRR4448486	1045910	0	980607	37185	13227	1820	9162	84	46	10	22	24331	0	0	0	0	0	0	0	0
SRR4448487	1554629	0	1454464	52226	12961	1635	13660	116	53	10	26	42573	0	0	0	0	0	0	0	0
SRR4448488	1375294	0	1296455	36991	13762	1888	9279	83	49	6	10	36581	0	0	0	0	0	0	0	0
SRR4448489	1963376	0	1848110	51395	16476	2100	12721	108	53	7	19	55735	0	0	0	0	0	0	0	0
SRR4448490	879947	0	821992	29796	11527	1575	7089	88	47	8	20	24665	0	0	0	0	0	0	0	0
SRR4448491	1127783	0	1061140	34781	13159	1730	8218	82	46	9	18	28430	0	0	0	0	0	0	0	0
SRR4448492	1449504	0	1362260	46285	10179	1413	13362	79	37	6	16	35225	0	0	0	0	0	0	0	0
SRR4448493	1032594	0	962219	43844	12534	1691	10682	79	47	11	19	21975	0	0	0	0	0	0	0	0
SRR4448494	334623	0	304508	21755	7438	985	5563	46	28	5	13	7385	0	0	0	0	0	0	0	0
SRR4448495	977139	0	913076	33205	12948	1647	7688	101	56	9	19	27677	0	0	0	0	0	0	0	0
SRR4448496	1028497	0	927323	39769	7285	944	12233	117	37	16	51	57621	0	0	0	0	0	0	0	0
SRR4448497	1167460	0	1091067	39161	11007	1556	9474	88	51	7	13	30792	0	0	0	0	0	0	0	0
SRR4448498	2459429	0	2314042	53907	17066	2318	13505	110	52	8	19	82516	0	0	0	0	0	0	0	0
SRR4448499	997720	0	934262	35976	13180	1802	8785	92	57	5	14	23663	0	0	0	0	0	0	0	0
SRR4448500	833409	0	778391	32132	11792	1619	8011	81	48	7	14	19610	0	0	0	0	0	0	0	0
SRR4448501	697334	0	648314	28949	11030	1558	7212	68	43	6	8	17053	0	0	0	0	0	0	0	0
SRR4448502	987144	0	920585	35977	12490	1602	8718	84	38	4	24	27894	0	0	0	0	0	0	0	0
SRR4448503	1720081	0	1617520	55437	13321	1719	14818	87	46	9	20	44229	0	0	0	0	0	0	0	0
SRR4448504	1572507	0	1477867	46257	14218	1929	11965	97	55	10	22	42133	0	0	0	0	0	0	0	0
SRR4448505	645208	0	600774	25138	10024	1381	6072	54	33	2	10	16794	0	0	0	0	0	0	0	0
SRR4448506	1040539	0	970113	32235	12017	1620	7773	80	43	10	24	33498	0	0	0	0	0	0	0	0
SRR4448507	893446	0	833070	32401	11777	1716	8300	65	37	6	13	25094	0	0	0	0	0	0	0	0
SRR4448508	3199907	0	2997379	96692	19767	2500	20702	245	92	17	44	89613	0	0	0	0	0	0	0	0
SRR4448509	809771	0	753069	33008	10715	1571	8185	78	49	13	19	20053	0	0	0	0	0	0	0	0
SRR4448510	20332344	0	19495109	216673	30927	3994	58113	295	107	21	79	508922	0	0	0	0	0	0	0	0
SRR4448511	1116864	0	1032794	40522	14623	2312	10261	257	137	90	164	39518	0	0	0	0	0	0	0	0
SRR4448512	3272779	0	3076460	77625	19184	2563	17594	250	101	20	55	104997	0	0	0	0	0	0	0	0
SRR4448513	518412	0	477899	26486	10175	1274	5755	65	44	7	13	12085	0	0	0	0	0	0	0	0
SRR4448514	895123	0	832424	36692	12654	1648	8942	84	47	3	10	22121	0	0	0	0	0	0	0	0
SRR4448515	2595805	0	2345451	92095	20009	4044	22770	1025	515	433	795	144765	0	0	0	0	0	0	0	0
SRR4448516	547695	0	505920	23457	10166	1452	5357	68	41	10	15	15994	0	0	0	0	0	0	0	0
SRR4448517	1052322	0	984095	34468	12728	1844	8622	87	45	5	14	28112	0	0	0	0	0	0	0	0
SRR4448518	1017705	0	948490	38685	13353	1764	9544	147	81	26	49	25134	0	0	0	0	0	0	0	0
SRR4448519	943431	0	879811	35542	12154	1681	8694	71	36	7	13	24925	0	0	0	0	0	0	0	0
SRR4448520	1852132	0	1742118	51184	16420	2139	12407	106	56	14	26	51737	0	0	0	0	0	0	0	0
SRR4448521	1266393	0	1184679	46513	12451	1639	12565	107	52	12	24	32315	0	0	0	0	0	0	0	0
SRR4448522	676771	0	627797	27579	10898	1482	6514	68	38	3	8	18114	0	0	0	0	0	0	0	0
SRR4448523	642776	0	593924	26805	9933	1392	6427	73	44	6	9	19077	0	0	0	0	0	0	0	0
SRR4448524	1079471	0	1004224	40366	13478	1828	10053	79	33	3	18	31229	0	0	0	0	0	0	0	0
SRR4448525	712654	0	665345	25988	11056	1635	6216	63	42	10	14	18083	0	0	0	0	0	0	0	0
SRR4448526	615027	0	570516	24925	9898	1283	5743	64	37	5	13	16539	0	0	0	0	0	0	0	0
SRR4448527	892066	0	831028	34055	12010	1487	8197	75	39	13	20	23187	0	0	0	0	0	0	0	0
SRR4448528	362023	0	332069	18582	7961	1215	4468	53	34	7	14	9801	0	0	0	0	0	0	0	0
SRR4448529	825106	0	767962	29731	12297	1636	6864	74	46	9	17	24055	0	0	0	0	0	0	0	0
SRR4448530	508926	0	469516	25082	9933	1393	6037	54	30	5	9	12031	0	0	0	0	0	0	0	0
SRR4448531	1059738	0	990742	38120	13793	1687	8849	88	43	5	16	27069	0	0	0	0	0	0	0	0
SRR4448532	880717	0	822368	31216	12123	1675	7539	91	48	8	19	22724	0	0	0	0	0	0	0	0
SRR4448533	608914	0	565233	25110	10179	1420	5993	72	44	5	14	15696	0	0	0	0	0	0	0	0
SRR4448534	1261674	0	1183113	37576	13131	1888	9668	87	49	8	18	35066	0	0	0	0	0	0	0	0
SRR4448535	1394418	0	1312455	39094	14363	2013	9690	120	63	19	41	37173	0	0	0	0	0	0	0	0
SRR4448536	540468	0	498877	26347	8716	1252	7007	60	36	6	12	13765	0	0	0	0	0	0	0	0
SRR4448537	738412	0	689601	29332	11498	1624	7163	70	37	4	11	16835	0	0	0	0	0	0	0	0
SRR4448550	1025390	0	959758	34728	12988	1697	8242	92	51	6	17	26807	0	0	0	0	0	0	0	0
SRR4448551	3728876	0	3274180	118682	24497	6628	30886	1703	897	792	1424	313325	0	0	0	0	0	0	0	0
SRR4448552	886560	0	829316	32298	12607	1758	7976	88	53	10	18	21166	0	0	0	0	0	0	0	0
SRR4448553	1229239	0	1149485	40713	12320	1550	10263	100	40	5	20	34096	0	0	0	0	0	0	0	0
SRR4448554	919583	0	860293	29826	12874	1716	6676	83	53	12	17	25429	0	0	0	0	0	0	0	0
SRR4448555	2105466	0	1985696	57741	15526	2066	15275	115	57	9	21	51751	0	0	0	0	0	0	0	0
SRR4448556	982586	0	920923	26691	11328	1624	6210	79	51	6	13	29137	0	0	0	0	0	0	0	0
SRR4448557	740164	0	690024	29765	11533	1633	7139	83	52	10	17	16763	0	0	0	0	0	0	0	0
SRR4448558	898758	0	839688	33153	12733	1692	7788	96	48	12	29	22861	0	0	0	0	0	0	0	0
SRR4448559	1658356	0	1558275	53827	16690	2150	13361	115	58	7	23	40733	0	0	0	0	0	0	0	0
SRR4448560	866047	0	813242	29775	12634	1780	6900	69	39	4	10	19962	0	0	0	0	0	0	0	0
SRR4448561	1652403	0	1550616	44497	14726	2095	11170	98	56	14	24	51875	0	0	0	0	0	0	0	0
SRR4448562	1809935	0	1702880	47444	15313	2150	11819	107	51	14	30	53345	0	0	0	0	0	0	0	0
SRR4448563	1881243	0	1769310	47509	14862	2236	12402	106	44	6	20	57180	0	0	0	0	0	0	0	0
SRR4448564	1989301	0	1871298	43082	14690	2168	11029	108	48	8	28	66191	0	0	0	0	0	0	0	0
SRR4448565	1785087	0	1684869	39689	14594	2212	10147	94	41	10	18	55229	0	0	0	0	0	0	0	0
SRR4448566	1433308	0	1349389	36926	13871	2075	9406	116	65	17	34	40577	0	0	0	0	0	0	0	0
SRR4448567	1458505	0	1366750	43977	13748	1954	11035	123	58	6	21	40630	0	0	0	0	0	0	0	0
SRR4448568	1538155	0	1427468	41238	14440	1940	10024	90	53	12	19	61096	0	0	0	0	0	0	0	0
SRR4448569	1812523	0	1698091	56349	15290	2216	14645	85	47	11	21	52759	0	0	0	0	0	0	0	0
SRR4448570	2522553	0	2395132	61001	15740	2027	15142	123	61	12	28	59090	0	0	0	0	0	0	0	0
SRR4448571	1959729	0	1842427	49629	16000	2230	12597	97	58	7	16	59476	0	0	0	0	0	0	0	0
SRR4448572	1155897	0	1085431	38843	13113	1775	9900	85	51	11	17	28161	0	0	0	0	0	0	0	0
SRR4448573	1095432	0	1027251	34517	13236	1899	8743	86	48	7	19	28822	0	0	0	0	0	0	0	0
SRR4448574	900419	0	841318	32381	12176	1633	7599	82	52	10	15	22190	0	0	0	0	0	0	0	0
SRR4448575	1057326	0	989571	32464	12552	1771	7829	87	51	4	14	29960	0	0	0	0	0	0	0	0
SRR4448576	1159137	0	1081365	40864	13624	1683	9545	110	57	8	21	31110	0	0	0	0	0	0	0	0
SRR4448577	1363896	0	1279321	43025	14590	2019	10677	136	70	15	37	34206	0	0	0	0	0	0	0	0
SRR4448578	1423970	0	1337268	37936	14384	1971	8925	99	52	13	25	41777	0	0	0	0	0	0	0	0
SRR4448579	1009697	0	945831	33624	12269	1733	8334	71	37	4	14	25404	0	0	0	0	0	0	0	0
SRR4448580	537699	0	497726	23597	9350	1297	5595	58	38	6	10	14126	0	0	0	0	0	0	0	0
SRR4448581	657742	0	526435	14273	6653	1118	3589	143	53	34	95	112288	0	0	0	0	0	0	0	0
SRR4448582	82684	0	66829	6687	3011	539	1709	34	15	1	12	8837	0	0	0	0	0	0	0	0
SRR4448583	1181589	0	1098158	33560	12890	2272	8865	287	182	142	222	44267	0	0	0	0	0	0	0	0
SRR4448584	601652	0	553489	31995	7231	1075	9069	72	36	9	26	14130	0	0	0	0	0	0	0	0
SRR4448585	3011364	0	2874455	49250	16365	2333	12123	160	74	20	50	75744	0	0	0	0	0	0	0	0
SRR4448586	722980	0	663201	37569	7500	968	9118	79	26	6	17	18401	0	0	0	0	0	0	0	0
SRR4448587	452547	0	408557	18181	5649	817	4645	56	25	3	17	23884	0	0	0	0	0	0	0	0
SRR4448588	2184288	0	2062709	64754	12758	1642	15901	126	51	16	37	47905	0	0	0	0	0	0	0	0
SRR4448589	1831144	0	1731411	48043	15171	2135	11982	122	59	7	19	44407	0	0	0	0	0	0	0	0
SRR4448590	3258315	0	3082675	58135	17885	2412	14726	136	67	15	31	105307	0	0	0	0	0	0	0	0
SRR4448591	863430	0	807410	28541	11882	1575	6600	68	38	7	14	24335	0	0	0	0	0	0	0	0
SRR4448592	2253079	0	2120137	61830	15749	2101	15944	111	56	14	24	63177	0	0	0	0	0	0	0	0
SRR4448593	1815552	0	1706493	50958	15210	2140	13211	101	45	6	16	52497	0	0	0	0	0	0	0	0
SRR4448594	2025373	0	1905640	52020	15876	2260	13440	107	53	13	26	61980	0	0	0	0	0	0	0	0
SRR4448595	1426177	0	1334203	51724	13086	1787	13754	117	55	12	25	35103	0	0	0	0	0	0	0	0
SRR4448596	168357	0	153925	6518	3811	1016	2060	48	22	11	25	7621	0	0	0	0	0	0	0	0
SRR4448597	2162123	0	2037031	56408	16447	2391	14562	126	68	19	34	63211	0	0	0	0	0	0	0	0
SRR4448598	1539375	0	1441326	42494	14410	1995	10609	104	54	10	23	50192	0	0	0	0	0	0	0	0
SRR4448599	2078874	0	1952128	52706	16337	2386	13410	114	53	12	28	66606	0	0	0	0	0	0	0	0
SRR4448600	1343433	0	1245861	54808	10615	1415	14681	90	42	6	16	38141	0	0	0	0	0	0	0	0
SRR4448601	1888070	0	1764263	50433	15167	2184	13309	105	50	10	24	67643	0	0	0	0	0	0	0	0
SRR4448602	883791	0	825811	31000	12927	1724	7087	98	53	6	14	22515	0	0	0	0	0	0	0	0
SRR4448603	1900595	0	1780531	58975	13304	1703	15784	104	48	9	25	53293	0	0	0	0	0	0	0	0
SRR4448604	2539224	0	2403441	67271	16145	2160	17935	128	63	14	33	61121	0	0	0	0	0	0	0	0
SRR4448605	2484814	0	2337389	63106	16900	2319	16389	129	64	9	27	75874	0	0	0	0	0	0	0	0
SRR4448606	2283045	0	2141105	57707	17165	2556	14711	108	62	15	27	75933	0	0	0	0	0	0	0	0
SRR4448607	1892309	0	1778845	47665	15773	2270	12018	107	51	12	28	58486	0	0	0	0	0	0	0	0
SRR4448608	2702829	0	2546980	60302	17873	2450	15205	124	69	13	26	86443	0	0	0	0	0	0	0	0
SRR4448609	2539657	0	2397693	56112	16474	2549	14970	112	71	11	19	74447	0	0	0	0	0	0	0	0
SRR4448610	2298876	0	2163259	74863	13312	1697	20433	105	48	6	16	53400	0	0	0	0	0	0	0	0
SRR4448611	1697980	0	1595919	41259	16096	2135	9533	106	53	9	22	54161	0	0	0	0	0	0	0	0
SRR4448612	3473531	0	3262102	86037	19279	2471	17814	298	116	14	50	107306	0	0	0	0	0	0	0	0
SRR4448613	656484	0	607488	26910	10443	1414	6307	65	42	7	12	19152	0	0	0	0	0	0	0	0
SRR4448614	2762433	0	2601254	75021	15599	1990	20289	138	62	8	29	74284	0	0	0	0	0	0	0	0
SRR4448615	1714653	0	1615070	37120	12411	1586	8980	115	47	9	34	54051	0	0	0	0	0	0	0	0
SRR4448616	1150232	0	1079182	37823	13014	1774	9517	77	46	8	14	29509	0	0	0	0	0	0	0	0
SRR4448617	504643	0	463162	27110	9103	1317	6603	60	38	5	10	12349	0	0	0	0	0	0	0	0
SRR4448618	1894862	0	1749036	71097	30286	5726	18101	766	409	178	305	66703	0	0	0	0	0	0	0	0
SRR4448619	2657304	0	2521711	51543	19822	2966	12426	174	92	22	47	72092	0	0	0	0	0	0	0	0
SRR4448620	849871	0	792501	30484	11922	1806	7504	74	47	12	19	24510	0	0	0	0	0	0	0	0
SRR4448621	917183	0	857601	28437	12173	1833	6837	84	51	9	18	27120	0	0	0	0	0	0	0	0
SRR4448622	1611899	0	1488145	75907	12918	1885	21592	181	101	55	101	43767	0	0	0	0	0	0	0	0
SRR4448623	1961765	0	1842064	57052	18543	2913	15169	213	100	31	66	55633	0	0	0	0	0	0	0	0
SRR4448624	2212259	0	2076908	30349	14805	2021	6148	131	53	15	39	95732	0	0	0	0	0	0	0	0
SRR4448625	1903979	0	1806445	43345	12374	1699	11242	75	37	4	13	48533	0	0	0	0	0	0	0	0
SRR4448626	2028425	0	1905388	49373	16421	2247	12322	113	64	14	25	63839	0	0	0	0	0	0	0	0
SRR4448627	1856133	0	1754110	20767	9820	1644	5305	73	41	9	18	76229	0	0	0	0	0	0	0	0
SRR4448628	1425004	0	1333064	36531	10254	1365	9588	90	43	8	26	49792	0	0	0	0	0	0	0	0
SRR4448629	2654547	0	2494835	55795	22699	3777	13620	322	159	75	142	95031	0	0	0	0	0	0	0	0
SRR4448630	1533058	0	1455787	29254	15319	2284	6168	120	72	19	30	40571	0	0	0	0	0	0	0	0
SRR4448631	1228236	0	1150449	39445	12357	1626	9810	92	48	10	23	33240	0	0	0	0	0	0	0	0
SRR4448632	1108280	0	1032296	39928	12790	1816	10136	140	58	15	34	29515	0	0	0	0	0	0	0	0
SRR4448633	2023907	0	1920787	37646	16355	2495	8731	128	66	19	37	57139	0	0	0	0	0	0	0	0
SRR4448634	4084707	0	3851431	110848	22754	2818	23271	316	124	23	64	99748	0	0	0	0	0	0	0	0
SRR4448635	1515661	0	1423986	46053	13795	1838	11817	89	48	11	19	39164	0	0	0	0	0	0	0	0
SRR4448636	1079476	0	1017088	33705	13667	1955	8186	91	49	9	15	23974	0	0	0	0	0	0	0	0
SRR4448637	1306243	0	1228384	41895	14942	1969	9930	122	63	12	24	30883	0	0	0	0	0	0	0	0
SRR4448638	793334	0	739471	30128	11654	1662	7514	89	40	5	13	20427	0	0	0	0	0	0	0	0
SRR4448639	1073464	0	1004070	41350	12934	1681	10295	85	49	11	22	23997	0	0	0	0	0	0	0	0
SRR4448640	827292	0	771265	33195	11877	1467	7839	70	41	7	11	19674	0	0	0	0	0	0	0	0
SRR4448641	1659868	0	1543880	48885	15245	2371	13000	281	159	115	196	60146	0	0	0	0	0	0	0	0
SRR4448642	1005590	0	935894	35370	11898	1647	9156	94	56	11	19	30037	0	0	0	0	0	0	0	0
SRR4448643	830785	0	776243	29541	11708	1483	6556	73	38	6	13	21328	0	0	0	0	0	0	0	0
SRR4448644	942039	0	878426	31637	11967	1629	7376	69	48	7	11	28054	0	0	0	0	0	0	0	0
SRR4448645	1008460	0	944989	33939	12972	1830	8377	95	46	8	19	24903	0	0	0	0	0	0	0	0
SRR4448646	957683	0	896141	33060	11705	1561	8069	59	37	6	8	25510	0	0	0	0	0	0	0	0
SRR4448647	1275324	0	1190162	43042	13899	1762	10367	105	65	11	24	36339	0	0	0	0	0	0	0	0
SRR4448648	558266	0	516039	23371	8270	1192	5931	66	41	3	6	16994	0	0	0	0	0	0	0	0
SRR4448649	893053	0	825043	40566	10903	1542	10851	88	47	6	14	23287	0	0	0	0	0	0	0	0
SRR4448650	1728552	0	1634028	49129	16050	2212	12603	114	62	10	29	38609	0	0	0	0	0	0	0	0
SRR4448651	642983	0	595583	27124	10574	1418	6407	65	34	6	13	17424	0	0	0	0	0	0	0	0
SRR4448652	1697199	0	1592244	44753	15263	2071	11165	94	41	5	24	53574	0	0	0	0	0	0	0	0
SRR4448653	715079	0	664513	29991	10685	1473	7442	78	47	10	14	17454	0	0	0	0	0	0	0	0
SRR4448654	1435873	0	1354977	38475	15403	1965	8838	91	54	11	19	37370	0	0	0	0	0	0	0	0
SRR4448655	126257	0	113530	6643	3963	865	1977	43	30	5	8	5520	0	0	0	0	0	0	0	0
SRR4448656	888259	0	833634	32196	12473	1723	7892	63	36	6	10	19617	0	0	0	0	0	0	0	0
SRR4448657	837327	0	780205	33180	11314	1494	8426	86	45	8	20	20193	0	0	0	0	0	0	0	0
SRR4448658	488429	0	453829	21757	9232	1416	5345	53	31	7	15	10749	0	0	0	0	0	0	0	0
SRR4448659	1063151	0	991429	35737	13581	1840	8335	112	57	13	28	31686	0	0	0	0	0	0	0	0
SRR4448660	790555	0	735216	32074	11100	1464	7878	68	41	6	12	20360	0	0	0	0	0	0	0	0
SRR4448661	921170	0	859240	28580	10996	1559	7058	82	48	5	11	28851	0	0	0	0	0	0	0	0
SRR4448662	1007727	0	932948	44715	11171	1513	10971	81	43	2	10	26040	0	0	0	0	0	0	0	0
SRR4448663	1136964	0	1065000	35786	12384	1702	9023	70	47	7	12	32636	0	0	0	0	0	0	0	0
SRR4448664	540066	0	495931	27168	10039	1406	6761	70	36	6	11	14921	0	0	0	0	0	0	0	0
SRR4448665	1386159	0	1308019	40271	13993	1989	9920	90	40	3	16	31646	0	0	0	0	0	0	0	0
SRR4448666	637933	0	590467	28685	10882	1446	6883	73	49	6	12	16528	0	0	0	0	0	0	0	0
SRR4448667	3358127	0	3119389	118536	16189	2258	26107	323	115	48	123	104957	0	0	0	0	0	0	0	0
SRR4448668	1081125	0	1010645	38999	13762	1821	9716	109	62	10	17	26415	0	0	0	0	0	0	0	0
SRR4448669	697008	0	649692	28747	12008	1632	6542	80	38	5	19	15523	0	0	0	0	0	0	0	0
SRR4448670	2248124	0	2114391	54185	17317	2388	13542	136	73	13	25	68954	0	0	0	0	0	0	0	0
SRR4448671	1057631	0	984567	37777	12962	1674	8962	84	47	5	15	30381	0	0	0	0	0	0	0	0
SRR4448672	957433	0	889426	44454	11742	1405	11139	83	50	11	17	19495	0	0	0	0	0	0	0	0
SRR4448673	2917138	0	2760680	57855	16621	2872	16052	105	52	8	21	88905	0	0	0	0	0	0	0	0
SRR4448674	2234193	0	2125241	53070	14778	2431	14763	94	53	11	19	48501	0	0	0	0	0	0	0	0
SRR4448675	1546430	0	1460977	40898	13939	1897	9682	146	65	7	32	38578	0	0	0	0	0	0	0	0
SRR4448676	938977	0	863132	53127	8368	1147	13254	123	51	5	21	18529	0	0	0	0	0	0	0	0
SRR4448677	1640090	0	1550930	41489	14181	2075	10484	87	37	5	15	44119	0	0	0	0	0	0	0	0
SRR4448678	1523637	0	1422349	41979	14303	2215	10810	276	156	104	170	52753	0	0	0	0	0	0	0	0
SRR4448679	1594471	0	1500378	61002	9604	1270	17298	84	39	10	19	29668	0	0	0	0	0	0	0	0
SRR4448680	91669	0	80626	8390	3054	505	2261	30	16	5	7	2134	0	0	0	0	0	0	0	0
SRR4448681	1212996	0	1138409	36077	12138	1706	9094	81	52	6	15	33415	0	0	0	0	0	0	0	0
SRR4448682	1355222	0	1269168	42673	14792	2034	10373	93	52	9	15	38901	0	0	0	0	0	0	0	0
SRR4448683	873806	0	817847	33379	11982	1585	8263	92	51	5	8	18653	0	0	0	0	0	0	0	0
SRR4448684	1592906	0	1490902	43920	13627	2017	11409	128	70	31	61	51725	0	0	0	0	0	0	0	0
SRR4448685	631974	0	585483	28452	10289	1419	7011	72	44	7	12	15795	0	0	0	0	0	0	0	0
SRR4448686	1281789	0	1206710	41624	14297	1844	10213	86	51	6	14	28656	0	0	0	0	0	0	0	0
SRR4448687	1680648	0	1573280	46987	14739	2018	11522	96	54	11	21	52077	0	0	0	0	0	0	0	0
SRR4448688	2398203	0	2244897	56297	15404	2188	14940	101	49	11	25	88372	0	0	0	0	0	0	0	0
SRR4448689	1107552	0	1039028	36416	12268	1758	9194	81	44	9	25	27367	0	0	0	0	0	0	0	0
SRR4448690	1367384	0	1286168	40997	12440	1737	10645	74	40	7	17	36134	0	0	0	0	0	0	0	0
SRR4448691	521180	0	480845	27749	8598	1182	7395	67	35	3	8	10573	0	0	0	0	0	0	0	0
SRR4448692	21206047	0	20358107	192323	38936	4701	48411	330	119	22	77	546203	0	0	0	0	0	0	0	0
SRR4448693	1065482	0	994097	38040	11983	1602	9784	83	49	10	22	29468	0	0	0	0	0	0	0	0
SRR4448694	1197505	0	1125507	36192	13890	1928	9010	108	49	7	15	30266	0	0	0	0	0	0	0	0
SRR4448695	1042076	0	971243	35608	13059	1772	8456	104	56	11	22	30015	0	0	0	0	0	0	0	0
SRR4448696	743244	0	691603	28772	11397	1580	7051	83	47	9	16	19031	0	0	0	0	0	0	0	0
SRR4448697	1088277	0	1021222	32731	13155	1844	7955	96	55	8	18	28694	0	0	0	0	0	0	0	0
SRR4448698	1528910	0	1441879	43437	13840	1950	11204	88	55	14	19	39098	0	0	0	0	0	0	0	0
SRR4448699	998969	0	933313	35140	13112	1782	8446	99	50	10	22	26895	0	0	0	0	0	0	0	0
SRR4448700	1054265	0	992277	35923	11937	1654	9540	56	30	1	7	23949	0	0	0	0	0	0	0	0
SRR4448701	740805	0	676938	14621	6981	1059	3307	63	25	3	11	46146	0	0	0	0	0	0	0	0
SRR4448702	248820	0	230409	9919	4640	2016	4844	23	7	1	7	7003	0	0	0	0	0	0	0	0
SRR4448703	2231511	0	2093511	57087	14331	1885	14789	106	54	11	23	73434	0	0	0	0	0	0	0	0
SRR4448704	1771893	0	1634149	43625	12773	2239	12181	319	148	119	246	87516	0	0	0	0	0	0	0	0
SRR4448705	1677287	0	1566125	39537	13523	2032	10208	108	53	3	20	60921	0	0	0	0	0	0	0	0
SRR4448706	1386166	0	1292999	38406	13778	1962	9229	83	48	11	20	48967	0	0	0	0	0	0	0	0
SRR4448707	581902	0	532512	24161	6128	875	6628	55	27	3	12	22346	0	0	0	0	0	0	0	0
SRR4448708	2461544	0	2326358	59269	17661	2479	15254	150	66	18	39	66401	0	0	0	0	0	0	0	0
SRR4448709	1915019	0	1805265	47012	15668	2085	11633	98	55	6	11	54557	0	0	0	0	0	0	0	0
SRR4448710	607109	0	550275	43437	5957	829	11488	55	24	2	13	11351	0	0	0	0	0	0	0	0
SRR4448711	1032277	0	961605	43552	12480	1757	10617	105	55	11	27	22402	0	0	0	0	0	0	0	0
SRR4448712	495758	0	457860	24128	9555	1359	5905	58	37	7	10	11478	0	0	0	0	0	0	0	0
SRR4448713	981139	0	917965	32189	11555	1576	7957	88	47	5	12	27002	0	0	0	0	0	0	0	0
SRR4448714	771159	0	718256	29962	11385	1495	6995	69	40	8	19	19499	0	0	0	0	0	0	0	0
SRR4448715	1137442	0	1067788	34776	13670	1917	8252	86	51	12	15	30561	0	0	0	0	0	0	0	0
SRR4448716	798976	0	740286	31092	12316	1655	7101	86	41	7	23	23702	0	0	0	0	0	0	0	0
SRR4448717	1040472	0	966734	31523	12646	1713	7457	79	45	7	13	37431	0	0	0	0	0	0	0	0
SRR4448718	1546480	0	1441444	47965	17159	2585	11957	289	161	103	171	50322	0	0	0	0	0	0	0	0
SRR4448719	959098	0	893255	37420	13306	1765	9186	83	45	5	9	24464	0	0	0	0	0	0	0	0
SRR4448720	1521885	0	1434419	41268	15307	2004	9551	94	48	13	26	40939	0	0	0	0	0	0	0	0
SRR4448721	823480	0	767176	29642	12343	1657	6688	84	45	9	13	22840	0	0	0	0	0	0	0	0
SRR4448722	333879	0	307578	16174	8050	1191	3658	55	30	7	13	8878	0	0	0	0	0	0	0	0
SRR4448723	3082883	0	2933784	61023	18683	2584	15700	148	63	17	34	77179	0	0	0	0	0	0	0	0
SRR4448724	2012565	0	1891069	44618	14068	1881	11239	152	73	5	25	65713	0	0	0	0	0	0	0	0
SRR4448725	2559508	0	2416769	55566	17679	2565	14550	120	61	9	20	74821	0	0	0	0	0	0	0	0
SRR4448726	1790487	0	1686820	38673	13387	1997	9151	95	51	9	19	56645	0	0	0	0	0	0	0	0
SRR4448727	1565473	0	1455578	30349	13326	2055	7285	102	52	6	15	72833	0	0	0	0	0	0	0	0
SRR4448728	1796288	0	1697222	43544	15013	2129	10724	93	44	11	28	46893	0	0	0	0	0	0	0	0
SRR4448729	1663671	0	1567520	40881	14374	2045	10169	106	53	10	23	49844	0	0	0	0	0	0	0	0
SRR4448730	1572024	0	1480031	38579	14876	2157	9147	92	52	7	19	47052	0	0	0	0	0	0	0	0
SRR4448731	1813380	0	1715230	43754	16023	2355	10627	95	50	8	19	49940	0	0	0	0	0	0	0	0
SRR4448732	2536748	0	2385326	52479	17152	2490	13334	121	59	12	29	89085	0	0	0	0	0	0	0	0
SRR4448733	2301763	0	2157499	54112	14392	1914	14312	103	48	12	21	82729	0	0	0	0	0	0	0	0
SRR4448734	1266756	0	1185786	39510	13409	1743	9559	85	52	7	15	34827	0	0	0	0	0	0	0	0
SRR4448735	1273198	0	1196663	40262	13009	1870	10550	78	46	4	11	32115	0	0	0	0	0	0	0	0
SRR4448736	1416269	0	1334451	40050	15762	2157	9233	125	72	16	29	35654	0	0	0	0	0	0	0	0
SRR4448737	959659	0	898168	32321	11766	1687	8237	85	48	5	9	24878	0	0	0	0	0	0	0	0
SRR4448738	1838185	0	1731963	50513	15486	2112	12675	134	70	11	27	46106	0	0	0	0	0	0	0	0
SRR4448739	3302348	0	3112817	73358	20595	2759	16698	280	117	27	69	103840	0	0	0	0	0	0	0	0
SRR4448740	825340	0	766568	33801	12031	1547	8167	76	38	6	17	21711	0	0	0	0	0	0	0	0
SRR4448741	1001920	0	938373	32153	11752	1695	8197	69	40	5	8	26766	0	0	0	0	0	0	0	0
SRR4448742	665168	0	618539	25665	9937	1407	6393	41	23	2	11	18824	0	0	0	0	0	0	0	0
SRR4448743	1106605	0	1032860	39977	13097	1807	9980	91	45	8	19	29771	0	0	0	0	0	0	0	0
SRR4448744	10773540	0	10307470	132694	29858	4582	35231	183	76	25	49	303836	0	0	0	0	0	0	0	0
SRR4448745	7413318	0	6956231	90375	29677	4322	20804	416	165	87	194	322898	0	0	0	0	0	0	0	0
SRR4448746	9698232	0	9281595	148123	33734	4658	39365	207	78	11	57	237831	0	0	0	0	0	0	0	0
SRR4448747	3639705	0	3301901	41026	13665	1920	9511	287	70	26	101	284102	0	0	0	0	0	0	0	0
SRR4448748	9837182	0	9423822	154284	30583	4079	42472	267	126	26	59	219712	0	0	0	0	0	0	0	0
SRR4448749	2848874	0	2669526	28156	10988	1400	5682	101	42	14	40	143467	0	0	0	0	0	0	0	0
SRR4448750	1313245	0	1174339	18803	6930	891	3904	104	29	6	43	115941	0	0	0	0	0	0	0	0
SRR4448751	1857769	0	1642320	26481	8602	1109	5997	146	37	8	54	180998	0	0	0	0	0	0	0	0
SRR4448752	989446	0	919925	31172	11850	1847	7878	85	47	4	14	33975	0	0	0	0	0	0	0	0
SRR4448753	980169	0	912338	32037	11496	1611	7903	78	35	5	16	31245	0	0	0	0	0	0	0	0
SRR4448754	1505608	0	1396657	24262	10484	4544	11165	67	13	6	32	77607	0	0	0	0	0	0	0	0
SRR4448755	523521	0	455436	9423	3892	617	2373	43	25	6	12	56341	0	0	0	0	0	0	0	0
SRR4448756	1040485	0	968464	30054	11626	1773	7431	60	39	7	13	38137	0	0	0	0	0	0	0	0
SRR4448757	667294	0	625811	19783	9039	1574	5137	66	41	9	15	19387	0	0	0	0	0	0	0	0
SRR4448758	776010	0	724179	25541	10550	1522	6121	60	43	11	15	23748	0	0	0	0	0	0	0	0
SRR4448759	1191976	0	1114996	36553	12529	1834	9180	86	46	8	19	35195	0	0	0	0	0	0	0	0
SRR4448760	1204234	0	1123023	35263	12560	1727	8776	96	44	8	19	41423	0	0	0	0	0	0	0	0
SRR4448761	715469	0	661070	17664	10589	1513	3518	67	40	9	17	33720	0	0	0	0	0	0	0	0
SRR4448762	947655	0	883662	29338	11306	1632	7078	71	40	4	11	31376	0	0	0	0	0	0	0	0
SRR4448763	839831	0	780523	27712	10922	1657	6875	75	45	9	21	26260	0	0	0	0	0	0	0	0
SRR4448764	351365	0	323522	18613	7063	1046	4715	45	24	6	16	7627	0	0	0	0	0	0	0	0
SRR4448765	81400	0	45844	6707	2567	449	1829	28	15	3	10	28102	0	0	0	0	0	0	0	0
SRR4448766	1307746	0	1213430	52278	13672	1773	13720	118	49	7	24	38380	0	0	0	0	0	0	0	0
SRR4448767	209521	0	167021	9441	4761	867	2475	112	50	32	70	31507	0	0	0	0	0	0	0	0
SRR4448768	697890	0	653251	29628	11672	2060	7523	74	42	15	23	12752	0	0	0	0	0	0	0	0
SRR4448769	629634	0	582806	27783	9588	1350	6524	156	44	17	56	15972	0	0	0	0	0	0	0	0
SRR4448770	1393092	0	1314582	41194	13302	1797	9969	76	42	9	11	31212	0	0	0	0	0	0	0	0
SRR4448771	1144649	0	1078726	41608	13628	2387	10871	107	66	42	68	21473	0	0	0	0	0	0	0	0
SRR4448772	844130	0	793066	29598	9736	1381	7433	78	41	7	14	17919	0	0	0	0	0	0	0	0
SRR4448773	6278366	0	5736871	94884	29161	5755	26210	936	486	404	741	417930	0	0	0	0	0	0	0	0
SRR4448774	722833	0	658278	46493	7212	1027	11879	80	36	4	14	14368	0	0	0	0	0	0	0	0
SRR4448775	729813	0	666156	38128	9111	1372	9543	156	78	45	87	22520	0	0	0	0	0	0	0	0
SRR4448776	754187	0	702246	26534	10932	1397	5966	111	50	9	24	21562	0	0	0	0	0	0	0	0
SRR4448777	800239	0	735199	32730	9558	1196	8253	82	42	11	19	28728	0	0	0	0	0	0	0	0
SRR4448778	909432	0	835465	42969	12337	1664	11000	145	68	23	53	26002	0	0	0	0	0	0	0	0
SRR4448779	461994	0	414964	24847	6738	951	6898	89	29	6	38	20315	0	0	0	0	0	0	0	0
SRR4448780	342614	0	282216	8387	3489	617	2311	77	21	12	45	50868	0	0	0	0	0	0	0	0
SRR4448781	395023	0	363449	21108	6522	1207	5968	41	18	6	11	9499	0	0	0	0	0	0	0	0
SRR4448782	6717089	0	6418197	105302	28212	3936	25566	190	72	8	36	167233	0	0	0	0	0	0	0	0
SRR4448783	768307	0	719451	27881	10560	1507	6392	90	37	6	17	17129	0	0	0	0	0	0	0	0
SRR4448784	8902783	0	8602132	129769	28031	3780	33668	310	113	17	76	139695	0	0	0	0	0	0	0	0
SRR4448785	17466443	0	16409386	170526	42432	5932	41080	577	216	109	282	797131	0	0	0	0	0	0	0	0
SRR4448786	742474	0	676974	29307	9489	1401	7564	101	48	12	24	32800	0	0	0	0	0	0	0	0
SRR4448787	11002606	0	10448897	132944	30539	3877	31688	317	98	17	85	386697	0	0	0	0	0	0	0	0
SRR4448788	6694864	0	6305743	109656	26413	3740	26943	196	83	19	63	253140	0	0	0	0	0	0	0	0
SRR4448789	8269231	0	7904150	109343	25392	3962	28233	139	60	11	32	234079	0	0	0	0	0	0	0	0
SRR4448790	5620055	0	5273627	51901	17123	2473	11733	216	56	12	83	278931	0	0	0	0	0	0	0	0
SRR4448791	6755270	0	6478048	83074	26478	3780	19719	222	95	21	64	168547	0	0	0	0	0	0	0	0
SRR4448792	606307	0	561807	24212	12293	5720	12045	23	9	2	9	17036	0	0	0	0	0	0	0	0
SRR4448793	8681668	0	8287409	128705	30994	4291	32361	254	100	16	55	237332	0	0	0	0	0	0	0	0
SRR4448794	252243	0	230051	16357	4626	662	4556	36	16	3	7	4851	0	0	0	0	0	0	0	0
SRR4448795	1223196	0	1136011	36219	12382	1849	9404	75	38	6	15	44657	0	0	0	0	0	0	0	0
SRR4448796	524822	0	486681	26079	10365	1496	6185	62	39	10	12	9847	0	0	0	0	0	0	0	0
SRR4448797	19450145	0	18692330	192222	36195	4357	48684	377	135	22	81	468188	0	0	0	0	0	0	0	0
SRR4448798	16504038	0	15806162	192516	30874	3742	50524	277	94	17	68	446106	0	0	0	0	0	0	0	0
SRR4448799	1399799	0	1323317	43748	12527	2102	12045	79	35	8	19	29942	0	0	0	0	0	0	0	0
SRR4448800	14283924	0	13676743	166799	28904	3737	45416	235	78	12	58	393344	0	0	0	0	0	0	0	0
SRR4448801	19369121	0	18548669	205291	33452	4125	53197	332	106	24	98	550842	0	0	0	0	0	0	0	0
SRR4448802	1114267	0	966796	19072	6300	871	4640	128	35	10	41	125190	0	0	0	0	0	0	0	0
SRR4448803	4398506	0	4022369	36671	13069	1730	7563	146	49	11	43	326964	0	0	0	0	0	0	0	0
SRR4448804	6208183	0	5875260	103557	22604	4182	28885	392	190	132	259	201307	0	0	0	0	0	0	0	0
SRR4448805	944717	0	879045	34942	10023	1303	8972	81	35	8	21	26666	0	0	0	0	0	0	0	0
SRR4448806	2702888	0	2541968	30590	11352	1572	6823	146	42	12	68	122386	0	0	0	0	0	0	0	0
SRR4448807	1692673	0	1571733	23661	8604	1244	5823	76	35	7	28	92217	0	0	0	0	0	0	0	0
SRR4448808	2430898	0	2240621	29394	10905	1652	6182	108	31	13	46	154775	0	0	0	0	0	0	0	0
SRR4448809	1058865	0	955228	16698	6538	1021	3889	82	26	6	25	82525	0	0	0	0	0	0	0	0
SRR4448810	441580	0	407396	20751	7934	1165	4901	56	34	10	13	11002	0	0	0	0	0	0	0	0
SRR4448811	630349	0	579942	34811	7679	1008	8631	51	29	4	8	13172	0	0	0	0	0	0	0	0
SRR4448812	830601	0	767399	30945	10710	1506	7557	86	33	4	21	28793	0	0	0	0	0	0	0	0
SRR4448813	1231782	0	1152897	36010	12754	1694	8706	97	44	14	27	37266	0	0	0	0	0	0	0	0
SRR4448814	1317966	0	1225521	37486	13689	1780	8649	108	54	20	39	49534	0	0	0	0	0	0	0	0
SRR4448815	386049	0	358511	12815	5766	886	3294	40	21	6	12	13021	0	0	0	0	0	0	0	0
SRR4448816	659672	0	611775	25794	7547	893	6319	50	20	3	10	19073	0	0	0	0	0	0	0	0
SRR4448817	761645	0	706175	28453	10743	1492	6714	80	40	6	15	23528	0	0	0	0	0	0	0	0
SRR4448818	1081497	0	1005805	36146	11456	1552	8911	92	52	8	20	35099	0	0	0	0	0	0	0	0
SRR4448819	1055904	0	982266	29688	12830	1813	6570	101	52	14	31	38924	0	0	0	0	0	0	0	0
SRR4448820	1278676	0	1209095	30888	12121	1683	7259	88	49	14	21	33584	0	0	0	0	0	0	0	0
SRR4448821	466219	0	426178	23814	6868	916	6237	67	25	4	15	14151	0	0	0	0	0	0	0	0
SRR4448822	1279637	0	1194532	36770	12679	1780	9082	89	50	6	14	44266	0	0	0	0	0	0	0	0
SRR4448823	1033111	0	959269	32372	11368	1650	8118	81	40	4	7	37031	0	0	0	0	0	0	0	0
SRR4448824	12809137	0	12234341	179473	26311	3281	45775	222	71	17	51	362179	0	0	0	0	0	0	0	0
SRR4448825	2033873	0	1666534	26103	8272	1187	6664	157	48	12	62	332394	0	0	0	0	0	0	0	0
SRR4448826	2706986	0	2487755	29965	10358	1317	6801	119	42	11	43	179807	0	0	0	0	0	0	0	0
SRR4448827	9456941	0	9088605	149207	28981	3600	40285	303	119	20	72	181280	0	0	0	0	0	0	0	0
SRR4448828	628701	0	484313	13345	4957	765	3355	117	39	29	80	128323	0	0	0	0	0	0	0	0
SRR4450086	1507508	0	1428469	30632	15497	2333	6517	119	57	18	35	42144	0	0	0	0	0	0	0	0
SRR4450087	1870264	0	1770444	47364	17277	2450	11527	111	62	16	28	45261	0	0	0	0	0	0	0	0
SRR4450088	2385627	0	2270424	35593	17921	2655	7500	98	59	12	23	69214	0	0	0	0	0	0	0	0
SRR4450089	1935796	0	1823310	42393	16164	2919	11338	69	46	9	11	64725	0	0	0	0	0	0	0	0
SRR4450090	3012241	0	2856547	57212	18311	3386	16203	100	52	15	28	85983	0	0	0	0	0	0	0	0
SRR4450091	1431336	0	1350049	37016	14545	2084	8943	102	55	6	16	38058	0	0	0	0	0	0	0	0
SRR4450092	2220099	0	2108337	46203	16292	2391	11880	92	52	9	16	57044	0	0	0	0	0	0	0	0
SRR4450093	1443866	0	1366307	35022	14975	2337	8447	77	45	7	15	36095	0	0	0	0	0	0	0	0
SRR4450094	1607814	0	1496651	29062	14355	1935	6169	106	44	10	28	77005	0	0	0	0	0	0	0	0
SRR4450095	1806731	0	1696018	42421	16272	2490	10424	102	45	9	18	62402	0	0	0	0	0	0	0	0
SRR4450096	1962257	0	1854518	42429	16718	2643	10813	104	60	8	22	56414	0	0	0	0	0	0	0	0
SRR4450097	3469932	0	3291454	61642	20749	3194	16075	149	61	14	38	104835	0	0	0	0	0	0	0	0
SRR4450098	902072	0	768007	17171	6495	1041	4463	66	25	8	24	113327	0	0	0	0	0	0	0	0
SRR4450099	3007793	0	2857453	66269	20183	3374	17934	129	76	12	28	71414	0	0	0	0	0	0	0	0
SRR4450100	1097021	0	1021388	32027	12883	1979	7876	98	56	8	17	37789	0	0	0	0	0	0	0	0
SRR4450101	108592	0	71140	5921	2871	552	1695	64	23	6	19	30716	0	0	0	0	0	0	0	0
SRR4450102	329881	0	300617	16866	5070	823	4320	58	24	9	31	10834	0	0	0	0	0	0	0	0
SRR4450103	128748	0	117548	7956	4066	1408	3396	22	6	2	10	2439	0	0	0	0	0	0	0	0
SRR4450104	2462146	0	2321043	71537	15592	2076	19865	125	61	15	31	61477	0	0	0	0	0	0	0	0
SRR4450105	1641633	0	1543140	49402	14743	2124	13306	94	55	9	21	41526	0	0	0	0	0	0	0	0
SRR4450106	1973134	0	1861304	52243	16238	2055	12775	111	59	12	29	50683	0	0	0	0	0	0	0	0
SRR4450107	1927487	0	1826919	41430	16491	2340	9703	122	65	15	29	49931	0	0	0	0	0	0	0	0
SRR4450108	1736384	0	1631141	46539	17674	2694	11225	147	85	21	44	51522	0	0	0	0	0	0	0	0
SRR4450109	1337943	0	1246845	42524	15480	2150	10281	130	61	12	36	42792	0	0	0	0	0	0	0	0
SRR4450110	2008335	0	1903862	38939	16963	2306	8704	124	72	11	26	55859	0	0	0	0	0	0	0	0
SRR4450111	1943377	0	1840478	44368	17036	2386	10403	113	58	10	28	49342	0	0	0	0	0	0	0	0
SRR4450112	2083709	0	1976665	37613	17382	2361	7953	110	64	6	15	59634	0	0	0	0	0	0	0	0
SRR4450113	1982644	0	1874104	45167	16893	2419	10856	145	80	30	51	54481	0	0	0	0	0	0	0	0
SRR4450114	2100293	0	1988356	40951	19222	2743	8829	151	86	23	44	61526	0	0	0	0	0	0	0	0
SRR4450115	1996187	0	1898067	35038	17266	2516	7174	133	67	11	27	53428	0	0	0	0	0	0	0	0
SRR4450116	3417111	0	3221264	87488	18721	2904	24434	261	130	73	152	95161	0	0	0	0	0	0	0	0
SRR4450117	1916963	0	1803249	46805	16743	2445	11458	119	58	10	34	58178	0	0	0	0	0	0	0	0
SRR4450118	1797522	0	1695658	41354	16472	2391	9845	114	51	10	30	53815	0	0	0	0	0	0	0	0
SRR4450119	2162332	0	2043864	46403	18348	2714	11110	181	94	23	50	62283	0	0	0	0	0	0	0	0
SRR4450120	1838186	0	1733356	40554	17777	2625	9147	147	79	18	38	55809	0	0	0	0	0	0	0	0
SRR4450121	1531166	0	1427674	53350	13790	2055	14586	144	74	38	72	42762	0	0	0	0	0	0	0	0
SRR4450122	2075583	0	1965872	49461	18119	2799	12320	180	84	24	57	51999	0	0	0	0	0	0	0	0
SRR4450123	2256420	0	2128208	48577	17743	2690	12180	148	72	12	26	69791	0	0	0	0	0	0	0	0
SRR4450124	2404013	0	2271348	67961	17798	2640	16441	223	116	43	85	54135	0	0	0	0	0	0	0	0
SRR4450125	1819500	0	1718952	42834	16244	2373	10491	110	72	17	26	47978	0	0	0	0	0	0	0	0
SRR4450126	1937969	0	1837064	35308	16913	2656	8000	125	71	11	25	53491	0	0	0	0	0	0	0	0
SRR4450127	2162474	0	2055307	44744	18029	2840	10201	190	102	34	70	51133	0	0	0	0	0	0	0	0
SRR4450128	2704748	0	2568859	58546	18698	2735	13666	144	81	13	27	65026	0	0	0	0	0	0	0	0
SRR4450129	2217103	0	2109850	38624	17769	2486	8308	130	70	14	31	57757	0	0	0	0	0	0	0	0
SRR4450130	2017998	0	1908000	46937	16192	2268	10638	113	67	13	24	53682	0	0	0	0	0	0	0	0
SRR4450131	1685842	0	1599974	35744	15742	2374	7887	99	49	3	8	41131	0	0	0	0	0	0	0	0
SRR4450132	2475121	0	2352148	40309	18681	2670	8753	149	77	13	32	71106	0	0	0	0	0	0	0	0
SRR4450133	1991500	0	1869117	41021	16605	2505	9879	124	66	11	26	69185	0	0	0	0	0	0	0	0
SRR4450134	2673368	0	2527651	52674	19347	3027	13391	141	81	14	33	82123	0	0	0	0	0	0	0	0
SRR4450135	2123755	0	1986254	54234	13016	1821	14062	195	72	28	82	75387	0	0	0	0	0	0	0	0
SRR4450136	2030113	0	1913237	47226	17141	2558	11648	184	103	51	85	61724	0	0	0	0	0	0	0	0
SRR4450137	2400574	0	2287407	53864	17816	2403	12926	127	59	10	31	50166	0	0	0	0	0	0	0	0
SRR4450138	87699	0	77696	7583	2831	1589	4210	31	12	4	12	1583	0	0	0	0	0	0	0	0
SRR4450139	2538414	0	2383383	52967	18117	2681	13418	129	59	12	26	94218	0	0	0	0	0	0	0	0
SRR4450140	584288	0	543292	24762	6410	892	6647	78	34	8	32	12847	0	0	0	0	0	0	0	0
SRR4450141	117131	0	95475	9069	3354	661	2656	45	23	13	27	11985	0	0	0	0	0	0	0	0
SRR4450142	333908	0	308092	13599	4986	775	3412	52	18	5	15	10844	0	0	0	0	0	0	0	0
SRR4450143	2342570	0	2187078	58900	17903	2438	15045	178	87	25	50	85300	0	0	0	0	0	0	0	0
SRR4450144	2568327	0	2412066	73696	17609	2432	20311	218	121	66	121	73733	0	0	0	0	0	0	0	0
SRR4450145	2496756	0	2379791	39240	18967	2870	8472	116	67	9	24	68465	0	0	0	0	0	0	0	0
SRR4450146	1572589	0	1450954	70013	28798	4857	17008	674	309	102	231	44087	0	0	0	0	0	0	0	0
SRR4450147	1422251	0	1344566	34353	16130	2471	7654	166	92	29	49	36701	0	0	0	0	0	0	0	0
SRR4450148	1216673	0	1138417	38498	14608	2141	8867	136	59	10	27	34423	0	0	0	0	0	0	0	0
SRR4450149	1534742	0	1411089	65720	24395	3881	16488	559	242	87	196	51348	0	0	0	0	0	0	0	0
SRR4450150	1518665	0	1390449	53182	12568	1924	15022	208	103	59	131	69690	0	0	0	0	0	0	0	0
SRR4450151	1936250	0	1843943	38250	16229	2375	8133	105	55	9	17	45810	0	0	0	0	0	0	0	0
SRR4450152	1518264	0	1433367	42156	14693	2193	10832	116	59	11	24	37132	0	0	0	0	0	0	0	0
SRR4450153	1910778	0	1770555	65916	18346	2645	17225	260	105	33	75	66331	0	0	0	0	0	0	0	0
SRR4450154	1665191	0	1570209	46573	15747	2108	11280	109	59	17	29	41066	0	0	0	0	0	0	0	0
SRR4450155	1740759	0	1644861	48901	15879	2262	12268	94	47	8	23	40069	0	0	0	0	0	0	0	0
SRR4450156	1716692	0	1603231	45719	15497	2391	11753	142	70	28	56	61669	0	0	0	0	0	0	0	0
SRR4450157	1656639	0	1543900	65493	14805	2006	18271	118	55	17	34	42376	0	0	0	0	0	0	0	0
SRR4450158	1881761	0	1765326	53011	15966	2173	13643	98	59	15	24	55563	0	0	0	0	0	0	0	0
SRR4450159	2138348	0	2013080	55575	16661	2327	14395	146	79	18	34	60792	0	0	0	0	0	0	0	0
SRR4451087	1878178	0	1772463	50483	15304	1997	12926	116	63	15	22	47415	0	0	0	0	0	0	0	0
SRR4451088	1675421	0	1579068	43595	15377	2188	10676	104	51	11	25	47604	0	0	0	0	0	0	0	0
SRR4451089	854617	0	794214	35923	12962	1749	8787	90	45	6	12	21976	0	0	0	0	0	0	0	0
SRR4451090	779484	0	723332	30100	11887	1540	7036	79	43	8	16	21985	0	0	0	0	0	0	0	0
SRR4451091	712332	0	665143	25017	11113	1495	5686	90	49	7	16	18259	0	0	0	0	0	0	0	0
SRR4451092	933843	0	869974	34971	11474	1610	8551	79	47	6	11	24491	0	0	0	0	0	0	0	0
SRR4451093	1361994	0	1280697	43538	15010	1979	10616	108	56	9	23	31680	0	0	0	0	0	0	0	0
SRR4451094	1577533	0	1476157	42621	14800	1917	10080	94	53	12	25	52589	0	0	0	0	0	0	0	0
SRR4451095	3971667	0	3728613	110323	20217	3011	26506	424	184	99	216	115789	0	0	0	0	0	0	0	0
SRR4451096	894480	0	832631	36942	12512	1677	9530	89	48	7	16	21403	0	0	0	0	0	0	0	0
SRR4451097	1156005	0	1079211	41470	13274	1851	10680	147	74	24	46	31300	0	0	0	0	0	0	0	0
SRR4451098	2175195	0	2057302	63685	15950	2123	17099	114	55	7	21	45432	0	0	0	0	0	0	0	0
SRR4451099	782657	0	729041	32845	11801	1504	7876	77	45	7	12	17327	0	0	0	0	0	0	0	0
SRR4451100	1053849	0	988450	35117	12340	1811	9166	72	45	5	14	26019	0	0	0	0	0	0	0	0
SRR4451101	882785	0	824337	30518	10963	1542	7598	91	49	8	18	23548	0	0	0	0	0	0	0	0
SRR4451102	958083	0	893316	28639	11027	1635	7134	72	38	5	12	31783	0	0	0	0	0	0	0	0
SRR4451103	1870625	0	1759242	46481	17029	2275	10942	95	49	10	21	57306	0	0	0	0	0	0	0	0
SRR4451104	557714	0	513670	21961	9502	1283	4793	85	51	9	17	17870	0	0	0	0	0	0	0	0
SRR4451105	1002342	0	941011	31626	11903	1721	8157	77	45	9	17	25951	0	0	0	0	0	0	0	0
SRR4451106	1055882	0	986494	35988	11858	1531	8908	80	40	4	15	29629	0	0	0	0	0	0	0	0
SRR4451107	1316130	0	1231208	35100	13047	1731	8356	83	46	7	17	43183	0	0	0	0	0	0	0	0
SRR4451108	1107188	0	1031419	32581	12518	1712	7542	96	56	12	23	37022	0	0	0	0	0	0	0	0
SRR4451109	1162189	0	1085207	40764	13627	1756	9765	85	47	9	17	30954	0	0	0	0	0	0	0	0
SRR4451110	1235974	0	1155419	37410	14593	1892	8265	119	55	11	30	37279	0	0	0	0	0	0	0	0
SRR4451111	1331749	0	1244088	46963	13365	1788	11049	80	43	5	9	34933	0	0	0	0	0	0	0	0
SRR4451112	836908	0	781597	28066	11014	1649	7140	71	42	6	13	23783	0	0	0	0	0	0	0	0
SRR4451113	932574	0	862847	45833	12597	1605	10872	84	44	6	13	19805	0	0	0	0	0	0	0	0
SRR4451114	1458013	0	1378583	40295	13691	1918	10467	99	55	6	14	33822	0	0	0	0	0	0	0	0
SRR4451115	1002715	0	934337	37158	11744	1712	8933	93	53	10	19	26625	0	0	0	0	0	0	0	0
SRR4451116	995912	0	932643	31630	12003	1661	7780	70	45	5	6	27225	0	0	0	0	0	0	0	0
SRR4451117	3488463	0	3270653	82661	20125	3160	19324	503	243	157	302	121083	0	0	0	0	0	0	0	0
SRR4451118	705312	0	655402	28756	11691	1532	6678	69	38	7	18	18085	0	0	0	0	0	0	0	0
SRR4451119	751561	0	701394	30695	10974	1508	7680	67	36	4	15	16776	0	0	0	0	0	0	0	0
SRR4451120	1227487	0	1150206	38306	12708	1703	9849	90	50	11	20	34184	0	0	0	0	0	0	0	0
SRR4451121	916239	0	854527	29744	12968	1794	6761	85	48	9	17	28375	0	0	0	0	0	0	0	0
SRR4451122	1424853	0	1339554	40582	15055	2041	9707	91	52	10	17	39956	0	0	0	0	0	0	0	0
SRR4451123	1289034	0	1207838	40481	12878	1752	9886	91	48	7	19	34272	0	0	0	0	0	0	0	0
SRR4451124	3542409	0	3346430	104782	16659	2031	30021	216	66	10	56	76759	0	0	0	0	0	0	0	0
SRR4451125	2377775	0	2254391	56133	15996	2271	14259	110	56	13	24	60159	0	0	0	0	0	0	0	0
SRR4451126	2162683	0	2019498	88840	14714	1835	22257	132	52	7	25	46913	0	0	0	0	0	0	0	0
SRR4451127	1005596	0	940928	35255	13459	1726	8378	87	50	8	18	24576	0	0	0	0	0	0	0	0
SRR4451128	1120558	0	1052538	32577	11855	1649	8120	106	52	7	13	30867	0	0	0	0	0	0	0	0
SRR4451129	1029508	0	965021	34577	12665	1768	8711	85	45	5	14	25386	0	0	0	0	0	0	0	0
SRR4451130	1191825	0	1115372	37495	13499	1875	9064	95	46	7	17	33311	0	0	0	0	0	0	0	0
SRR4451131	1719310	0	1616655	44767	15873	2106	10823	114	52	7	21	50052	0	0	0	0	0	0	0	0
SRR4451132	1108730	0	1042375	30179	11980	1707	7233	99	60	15	17	30840	0	0	0	0	0	0	0	0
SRR4451133	537553	0	498345	20600	9119	1305	4839	67	43	8	13	15696	0	0	0	0	0	0	0	0
SRR4451134	947107	0	888511	31220	12560	1753	7495	76	35	3	10	24280	0	0	0	0	0	0	0	0
SRR4451135	686085	0	623098	30330	9197	1269	7766	123	35	8	37	30337	0	0	0	0	0	0	0	0
SRR4451136	2450782	0	2317209	56049	17788	2433	14223	120	58	11	23	68303	0	0	0	0	0	0	0	0
SRR4451137	963631	0	904078	31212	11959	1636	7739	67	45	10	14	24574	0	0	0	0	0	0	0	0
SRR4451138	798490	0	745816	26346	11182	1571	6340	75	47	2	10	22790	0	0	0	0	0	0	0	0
SRR4451139	785867	0	733823	26549	10707	1546	6594	71	46	10	14	22182	0	0	0	0	0	0	0	0
SRR4451140	1040883	0	973364	34024	13372	1825	7926	103	48	8	27	28683	0	0	0	0	0	0	0	0
SRR4451141	1204646	0	1128380	38806	14309	1823	9171	95	50	8	21	32525	0	0	0	0	0	0	0	0
SRR4451142	905709	0	839985	29967	12753	1683	6697	86	48	6	13	31595	0	0	0	0	0	0	0	0
SRR4451143	2083805	0	1964411	52846	15163	2158	14240	96	49	10	18	59891	0	0	0	0	0	0	0	0
SRR4451144	1175757	0	1097212	44299	12908	1889	11092	84	52	4	15	29309	0	0	0	0	0	0	0	0
SRR4451145	536336	0	489358	26807	8192	1175	6538	74	41	6	16	18014	0	0	0	0	0	0	0	0
SRR4451146	956794	0	896380	33542	11429	1622	8592	80	41	7	15	23365	0	0	0	0	0	0	0	0
SRR4451147	2601135	0	2432125	75394	18538	2354	15938	247	105	27	68	81598	0	0	0	0	0	0	0	0
SRR4451148	955049	0	893027	31722	11474	1546	7717	80	47	10	20	25361	0	0	0	0	0	0	0	0
SRR4451149	3517110	0	3305515	94436	20115	2654	19811	262	121	35	67	98405	0	0	0	0	0	0	0	0
SRR4451150	3488337	0	3226915	106669	19624	3556	24435	743	374	288	533	138416	0	0	0	0	0	0	0	0
SRR4451151	1048913	0	980655	41512	11829	1592	11335	88	43	7	21	23215	0	0	0	0	0	0	0	0
SRR4451152	1706511	0	1602576	45564	16127	2036	10635	102	52	11	30	51431	0	0	0	0	0	0	0	0
SRR4451153	2151613	0	2022162	48750	16551	2271	12055	124	63	12	23	70404	0	0	0	0	0	0	0	0
SRR4451154	3413620	0	3202590	97001	19535	2564	20731	273	122	23	58	95700	0	0	0	0	0	0	0	0
SRR4451155	1185215	0	1106543	34903	13600	1846	8263	91	49	8	21	38415	0	0	0	0	0	0	0	0
SRR4451156	1031969	0	966912	32930	13368	1785	7557	92	57	6	9	27141	0	0	0	0	0	0	0	0
SRR4451157	228857	0	195908	9158	5603	1426	3028	89	14	3	53	20874	0	0	0	0	0	0	0	0
SRR4451158	1039074	0	971126	35122	13041	1797	8647	96	47	5	18	28611	0	0	0	0	0	0	0	0
SRR4451159	763455	0	709388	33275	12099	1599	8052	78	38	8	15	17504	0	0	0	0	0	0	0	0
SRR4451160	1430669	0	1345099	41940	14080	1876	10065	94	48	6	13	36871	0	0	0	0	0	0	0	0
SRR4451161	2229508	0	2104329	65129	16963	2255	16678	139	73	13	25	51062	0	0	0	0	0	0	0	0
SRR4451162	1059798	0	992470	36425	13904	1850	8672	108	66	8	18	25330	0	0	0	0	0	0	0	0
SRR4451163	424949	0	390930	17756	8374	1226	4102	71	40	7	13	14335	0	0	0	0	0	0	0	0
SRR4451164	2523180	0	2375958	55141	18229	2540	13843	147	69	21	45	81141	0	0	0	0	0	0	0	0
SRR4451165	635860	0	590168	26276	10858	1490	6044	73	39	3	15	17189	0	0	0	0	0	0	0	0
SRR4451166	1092741	0	1020051	40618	13217	1730	10461	105	57	6	15	28117	0	0	0	0	0	0	0	0
SRR4451167	834741	0	780692	29685	11980	1699	7195	88	41	4	10	19944	0	0	0	0	0	0	0	0
SRR4451168	4581985	0	4287150	137152	23886	3275	29631	564	260	133	278	138224	0	0	0	0	0	0	0	0
SRR4451169	1082280	0	1015849	31873	13056	1834	7560	91	46	10	17	28627	0	0	0	0	0	0	0	0
SRR4451170	1262861	0	1193985	36042	14893	1972	8034	98	49	6	16	27302	0	0	0	0	0	0	0	0
SRR4451171	623216	0	573979	25491	10899	1506	5981	102	58	13	28	20587	0	0	0	0	0	0	0	0
SRR4451172	652549	0	603548	31165	10004	1345	8115	60	33	4	7	15635	0	0	0	0	0	0	0	0
SRR4451173	1028403	0	960229	32189	12542	1776	7511	91	57	11	17	30633	0	0	0	0	0	0	0	0
SRR4451174	1079450	0	1011074	34215	13417	1682	7829	85	45	12	19	30933	0	0	0	0	0	0	0	0
SRR4451175	1843436	0	1737999	48222	15496	2422	13110	199	135	86	128	50081	0	0	0	0	0	0	0	0
SRR4451176	891052	0	832264	31343	12718	1776	7333	87	46	11	22	23795	0	0	0	0	0	0	0	0
SRR4451177	1908970	0	1800684	42923	15020	2076	10987	94	61	10	21	56333	0	0	0	0	0	0	0	0
SRR4451178	824969	0	768365	35749	11522	1638	8501	74	39	5	12	18247	0	0	0	0	0	0	0	0
SRR4451179	1784292	0	1670427	57627	12763	1733	14665	85	57	9	16	49818	0	0	0	0	0	0	0	0
SRR4451180	996520	0	935416	29190	11650	1730	7263	70	38	7	10	28575	0	0	0	0	0	0	0	0
SRR4451181	2138558	0	2013121	52994	15668	2007	13647	129	64	10	19	62819	0	0	0	0	0	0	0	0
SRR4451182	3502446	0	3300067	80404	21725	2994	17889	352	127	27	82	104577	0	0	0	0	0	0	0	0
SRR4451183	751477	0	698373	28568	10938	1477	6939	68	41	7	12	21071	0	0	0	0	0	0	0	0
SRR4451184	872001	0	810396	40599	9606	1299	11111	55	27	4	8	17468	0	0	0	0	0	0	0	0
SRR4451185	1506754	0	1415607	46549	15422	2092	11808	125	56	5	23	37542	0	0	0	0	0	0	0	0
SRR4451186	1343735	0	1264730	41341	15240	2172	9801	129	66	13	33	32544	0	0	0	0	0	0	0	0
SRR4451187	446156	0	410530	24285	8386	1193	6235	64	36	10	16	9814	0	0	0	0	0	0	0	0
SRR4451188	852919	0	790228	34113	12510	1616	7959	86	51	9	17	24718	0	0	0	0	0	0	0	0
SRR4451189	3681075	0	3420865	97762	20779	3815	22355	709	313	194	400	139634	0	0	0	0	0	0	0	0
SRR4451190	740493	0	689614	27103	10498	1437	6632	62	36	6	10	20894	0	0	0	0	0	0	0	0
SRR4451191	1223997	0	1147577	37933	13434	1889	9459	77	41	6	15	34269	0	0	0	0	0	0	0	0
SRR4451192	3263896	0	3067160	99333	17645	2274	21775	228	73	13	46	81446	0	0	0	0	0	0	0	0
SRR4451193	713970	0	660393	26740	9333	1346	6658	76	45	8	15	23827	0	0	0	0	0	0	0	0
SRR4451194	1511123	0	1413307	42257	14465	1946	10412	100	62	10	21	47354	0	0	0	0	0	0	0	0
SRR4451195	809999	0	756778	28839	10409	1443	7141	71	40	4	10	21572	0	0	0	0	0	0	0	0
SRR4451196	1279198	0	1200817	37082	12951	1718	9227	119	66	11	20	35515	0	0	0	0	0	0	0	0
SRR4451197	1449195	0	1367531	38877	14887	1988	9112	83	48	8	21	36330	0	0	0	0	0	0	0	0
SRR4451198	1259261	0	1181239	38937	13272	1815	9796	88	48	5	12	33874	0	0	0	0	0	0	0	0
SRR4451199	1962499	0	1851487	51268	15828	2264	13217	103	50	5	18	53797	0	0	0	0	0	0	0	0
SRR4451200	826309	0	769800	31492	11876	1628	7568	70	50	10	14	22120	0	0	0	0	0	0	0	0
SRR4451201	2035863	0	1920380	49167	16884	2279	12066	135	67	16	34	58058	0	0	0	0	0	0	0	0
SRR4451202	3521848	0	3296195	117185	20719	2704	25555	377	143	37	96	90954	0	0	0	0	0	0	0	0
SRR4451203	1572190	0	1471307	44067	14531	1947	10705	92	53	12	18	50523	0	0	0	0	0	0	0	0
SRR4451204	891890	0	830118	34923	11653	1556	8831	81	36	6	18	24484	0	0	0	0	0	0	0	0
SRR4451205	936778	0	875890	32443	12704	1790	7735	74	50	7	16	24226	0	0	0	0	0	0	0	0
SRR4451206	3328889	0	3110271	119161	18959	2491	25310	406	143	45	122	82470	0	0	0	0	0	0	0	0
SRR4451207	756110	0	703408	32589	11955	1571	7936	77	48	9	18	18483	0	0	0	0	0	0	0	0
SRR4451208	1203167	0	1128140	34082	13457	1872	8032	88	44	6	15	36187	0	0	0	0	0	0	0	0
SRR4451209	1150191	0	1076812	39969	12605	1684	10209	85	45	6	16	27902	0	0	0	0	0	0	0	0
SRR4451210	842892	0	785860	29763	12471	1728	6799	78	43	6	15	24024	0	0	0	0	0	0	0	0
SRR4451211	1523976	0	1419985	40865	14224	2012	10132	127	63	13	30	55654	0	0	0	0	0	0	0	0
SRR4451212	832943	0	774432	33505	11560	1534	8024	87	41	6	20	21204	0	0	0	0	0	0	0	0
SRR4451213	1475909	0	1391326	41250	14515	2044	10375	89	54	12	17	37922	0	0	0	0	0	0	0	0
SRR4451214	432251	0	396598	24638	8425	1156	6006	47	28	5	5	9621	0	0	0	0	0	0	0	0
SRR4451215	1609483	0	1511271	48946	15756	1968	12063	133	62	4	24	42954	0	0	0	0	0	0	0	0
SRR4451216	1936262	0	1828164	47592	16472	2185	11446	103	60	10	19	52415	0	0	0	0	0	0	0	0
SRR4451217	2740105	0	2550050	116587	16971	2198	24414	244	73	10	51	61774	0	0	0	0	0	0	0	0
SRR4451218	514364	0	474529	24892	10257	1375	5701	75	41	3	12	12890	0	0	0	0	0	0	0	0
SRR4451219	833124	0	777536	31347	11183	1558	7906	73	42	6	15	21253	0	0	0	0	0	0	0	0
SRR4451220	1278555	0	1196135	36150	13439	1776	8761	92	55	6	13	40953	0	0	0	0	0	0	0	0
SRR4451221	919792	0	858925	33352	11589	1586	8330	76	49	5	10	22884	0	0	0	0	0	0	0	0
SRR4451222	841216	0	779731	34657	11146	1432	8642	65	35	3	10	24096	0	0	0	0	0	0	0	0
