sid	passed_filter_reads	low_quality_reads	too_many_N_reads	too_short_reads	too_long_reads
SRR4448180	1068666	40742	86	30	0
SRR4448181	1756388	68820	128	28	0
SRR4448182	1089882	44594	24	34	0
SRR4448183	920278	34452	64	22	0
SRR4448184	2460260	90364	440	998	0
SRR4448185	2225456	95528	94	160	0
SRR4448186	2739644	129652	634	638	0
SRR4448187	1215502	51390	10	20	0
SRR4448188	2172352	89706	1100	804	0
SRR4448189	1134646	40926	218	398	0
SRR4448190	2413874	86026	420	88	0
SRR4448191	3343050	136910	550	256	0
SRR4448192	1086782	38558	238	36	0
SRR4448193	2162118	83208	444	150	0
SRR4448194	1730124	72354	30	22	0
SRR4448195	2773156	130712	1558	46	0
SRR4448196	3134860	130750	1616	1612	0
SRR4448197	942954	43456	278	3232	0
SRR4448198	4129842	202494	1024	328	0
SRR4448199	1698146	76972	794	110	0
SRR4448200	2295260	101252	120	1344	0
SRR4448201	2644364	114978	132	84	0
SRR4448202	1856766	100998	496	64	0
SRR4448203	1116782	39958	186	272	0
SRR4448204	2661082	116028	1328	274	0
SRR4448205	2817670	124500	50	3450	0
SRR4448206	5106742	175478	88	48	0
SRR4448207	4721614	195408	208	458	0
SRR4448208	7202568	579502	616	98	0
SRR4448209	2914190	120596	182	62	0
SRR4448210	3743606	187148	898	46	0
SRR4448211	1324538	54054	16	256	0
SRR4448212	12274256	452362	2772	23250	0
SRR4448213	1117626	49776	84	418	0
SRR4448214	1472328	54784	284	72	0
SRR4448215	1865064	81320	932	120	0
SRR4448216	1115520	44042	20	66	0
SRR4448217	3017458	135756	124	42	0
SRR4448218	6874684	591350	604	78	0
SRR4448219	1485392	64418	50	24	0
SRR4448220	6895570	630958	556	130	0
SRR4448221	1680218	61654	936	514	0
SRR4448222	2757454	122550	126	144	0
SRR4448223	2740196	120214	500	140	0
SRR4448224	2059530	98044	472	166	0
SRR4448225	2577920	123920	584	178	0
SRR4448226	1608258	72440	20	354	0
SRR4448227	1752998	77866	448	874	0
SRR4448228	1567780	67702	32	158	0
SRR4448229	1705468	65650	138	184	0
SRR4448230	1209580	47410	660	804	0
SRR4448231	3695860	148968	2002	310	0
SRR4448232	3082506	171924	778	14	0
SRR4448233	2224904	111838	572	28	0
SRR4448234	1348166	53798	94	26	0
SRR4448235	7769460	620078	688	216	0
SRR4448236	2737256	109452	510	72	0
SRR4448237	4172538	180862	84	954	0
SRR4448238	2390434	103078	118	324	0
SRR4448239	3003850	123870	596	116	0
SRR4448240	1774718	76296	1032	676	0
SRR4448241	2239998	92092	48	152	0
SRR4448242	5517912	254440	1390	706	0
SRR4448243	4202008	166808	1044	982	0
SRR4448244	2424570	102962	500	120	0
SRR4448245	1655312	58960	320	168	0
SRR4448246	1587526	66238	870	644	0
SRR4448247	1619162	59328	316	396	0
SRR4448248	1757834	81920	28	68	0
SRR4448249	2989692	111546	56	72	0
SRR4448250	1953664	79272	36	26	0
SRR4448251	2704234	110818	1358	392	0
SRR4448252	1471842	66430	788	66	0
SRR4448253	2044324	86914	412	120	0
SRR4448254	2736956	97808	38	3042	0
SRR4448255	2262434	75948	182	122	0
SRR4448256	2067788	101828	478	42	0
SRR4448257	3306064	138588	1770	112	0
SRR4448258	2590754	95576	218	942	0
SRR4448259	3753740	190826	880	350	0
SRR4448260	4640426	195178	1092	1858	0
SRR4448261	1777036	67488	308	192	0
SRR4448262	2052820	72884	122	10	0
SRR4448263	1741470	78266	66	182	0
SRR4448264	1102574	49026	598	36	0
SRR4448265	2598034	128894	618	142	0
SRR4448266	1325774	54222	224	116	0
SRR4448267	1717672	76718	20	1228	0
SRR4448268	1998408	93104	108	100	0
SRR4448269	2965622	138780	1562	200	0
SRR4448270	1943690	82690	130	38	0
SRR4448271	2033402	90814	1070	476	0
SRR4448272	7296676	590642	588	504	0
SRR4448273	6505828	545698	532	1874	0
SRR4448274	2092208	89500	130	6	0
SRR4448275	1618066	66814	36	24	0
SRR4448276	2068764	83624	1086	672	0
SRR4448277	1848976	68148	24	446	0
SRR4448278	2143980	93594	1066	82	0
SRR4448279	7475512	579522	670	30	0
SRR4448280	3759010	188298	920	278	0
SRR4448281	1819912	63188	346	112	0
SRR4448282	2255414	78334	134	10	0
SRR4448283	2177704	77360	170	80	0
SRR4448284	1930630	72070	368	208	0
SRR4448285	1257820	45436	214	38	0
SRR4448286	2125790	93996	1188	4532	0
SRR4448287	2392288	85604	132	20	0
SRR4448288	1615124	59884	94	110	0
SRR4448289	1901804	86134	418	14	0
SRR4448290	1640272	79942	450	18	0
SRR4448291	4910848	376828	386	642	0
SRR4448292	1846546	70194	154	388	0
SRR4448293	2403434	97946	118	14	0
SRR4448294	6477540	483158	624	1098	0
SRR4448295	2159584	88764	30	58	0
SRR4448296	1761136	75188	78	188	0
SRR4448297	1325302	50672	30	1116	0
SRR4448298	4264364	181844	2216	198	0
SRR4448299	4678244	218048	1258	954	0
SRR4448300	2826496	128804	128	42	0
SRR4448301	1529864	48894	110	52	0
SRR4448302	6767054	557026	532	134	0
SRR4448303	1337138	58020	722	500	0
SRR4448304	1332058	58548	52	4	0
SRR4448305	2735524	107984	56	28	0
SRR4448306	1302942	56296	618	452	0
SRR4448307	2016562	83148	384	110	0
SRR4448308	1308150	49536	244	58	0
SRR4448309	1970184	101714	498	108	0
SRR4448310	1097494	44594	46	96	0
SRR4448311	2396194	90604	500	482	0
SRR4448312	2468394	94366	450	202	0
SRR4448313	1413484	46808	104	308	0
SRR4448314	3065188	130572	544	216	0
SRR4448315	3016226	143028	1568	300	0
SRR4448316	2354306	96556	1214	112	0
SRR4448317	1705532	74782	322	112	0
SRR4448318	7981648	693824	642	62	0
SRR4448319	1440376	48982	90	10	0
SRR4448320	2992736	133058	1454	86	0
SRR4448321	3231922	169934	772	22	0
SRR4448324	1140134	51798	28	302	0
SRR4448325	3961926	197136	992	26	0
SRR4448326	1442428	54778	230	52	0
SRR4448327	1888902	85986	114	30	0
SRR4448328	1147912	41452	214	56	0
SRR4448329	7061904	577598	596	118	0
SRR4448330	1009748	37826	166	118	0
SRR4448331	1204968	52174	60	224	0
SRR4448332	2153152	93320	1206	1242	0
SRR4448333	7168824	607370	732	1588	0
SRR4448334	2881396	127910	1476	384	0
SRR4448335	1088486	40664	60	6	0
SRR4448336	1426458	58512	78	32	0
SRR4448337	4938924	234984	1164	734	0
SRR4448338	971328	39292	90	30	0
SRR4448339	2582662	95576	458	122	0
SRR4448340	3297274	160066	1838	672	0
SRR4448341	3138602	158152	792	68	0
SRR4448342	3297572	111988	642	302	0
SRR4448343	2185736	89192	42	3840	0
SRR4448344	2041058	81418	116	64	0
SRR4448345	2072322	75408	162	6	0
SRR4448346	1960886	96870	482	2158	0
SRR4448347	1005470	35962	220	360	0
SRR4448348	1138630	37388	20	34	0
SRR4448349	2691020	132598	626	588	0
SRR4448350	4093052	144152	764	112	0
SRR4448351	2948494	147964	718	168	0
SRR4448352	2139664	85150	378	586	0
SRR4448353	1508626	66336	820	370	0
SRR4448354	1537048	69770	828	146	0
SRR4448355	1565656	71610	812	48	0
SRR4448356	2791130	121874	1538	46	0
SRR4448357	7286858	617596	632	478	0
SRR4448358	1289744	51734	22	18	0
SRR4448359	657952	22906	138	24	0
SRR4448360	2818412	131802	114	54	0
SRR4448361	5657268	449270	500	50	0
SRR4448362	1194076	40124	80	222	0
SRR4448363	3017518	122106	544	232	0
SRR4448364	2258892	94454	38	426	0
SRR4448365	1356054	42980	82	58	0
SRR4448366	2514010	116172	664	18	0
SRR4448367	3136888	145620	1688	298	0
SRR4448368	1056586	40546	618	252	0
SRR4448369	2576868	118976	54	24	0
SRR4448370	2094638	73550	128	8	0
SRR4448371	2181468	87318	38	32	0
SRR4448372	2019464	69650	320	102	0
SRR4448373	2112938	97396	98	32	0
SRR4448374	1353622	57016	36	1332	0
SRR4448375	1287580	56218	60	0	0
SRR4448376	1833714	66148	356	50	0
SRR4448377	1131722	40424	578	758	0
SRR4448378	7000906	611786	600	32	0
SRR4448379	1346014	45670	100	246	0
SRR4448380	3651812	158866	204	50	0
SRR4448381	1036970	35806	56	182	0
SRR4448382	2122946	103872	566	302	0
SRR4448383	2041136	83644	40	60	0
SRR4448384	1217134	53004	684	94	0
SRR4448385	3688574	155914	190	744	0
SRR4448386	2474006	116238	1278	230	0
SRR4448387	1943970	91168	944	508	0
SRR4448388	4116472	187394	1080	964	0
SRR4448389	3452062	162346	910	126	0
SRR4448390	1568626	53158	134	1878	0
SRR4448391	2726862	141556	598	16	0
SRR4448392	6980070	615174	582	3718	0
SRR4448393	7256926	610750	648	36	0
SRR4448394	3131920	154080	708	992	0
SRR4448395	1886832	88818	110	22	0
SRR4448396	2296828	99486	86	116	0
SRR4448397	1547794	62248	116	2	0
SRR4448398	2779002	118622	154	110	0
SRR4448399	1966182	94426	452	452	0
SRR4448400	2360968	107294	1246	1144	0
SRR4448401	3003098	122678	520	192	0
SRR4448402	2631658	100608	34	52	0
SRR4448403	2286020	107088	596	356	0
SRR4448404	2991074	147752	736	78	0
SRR4448405	1006564	39072	74	2	0
SRR4448406	2545504	89508	178	20	0
SRR4448407	2273204	94412	416	92	0
SRR4448408	5064130	248822	1224	76	0
SRR4448409	6931530	604198	548	364	0
SRR4448410	1483846	55464	94	80	0
SRR4448411	1486482	51044	102	206	0
SRR4448412	1616116	64092	80	42	0
SRR4448413	2385668	90796	38	110	0
SRR4448414	1845444	67910	88	6	0
SRR4448415	1695790	61662	100	112	0
SRR4448416	1536032	72678	804	86	0
SRR4448417	2319896	102780	620	444	0
SRR4448418	2011112	70266	132	2328	0
SRR4448419	1192952	49370	18	334	0
SRR4448420	2858776	128868	152	12	0
SRR4448421	1899706	72016	360	104	0
SRR4448422	1670788	75314	908	1726	0
SRR4448423	1186024	43894	226	338	0
SRR4448424	3054060	128454	60	12	0
SRR4448425	1237434	64088	298	24	0
SRR4448426	2881240	136790	706	98	0
SRR4448427	1723128	70696	24	94	0
SRR4448428	2276884	90858	108	100	0
SRR4448429	1421864	56406	114	18	0
SRR4448430	3625342	158724	1972	1630	0
SRR4448431	1788602	68506	108	450	0
SRR4448432	2462912	97352	122	152	0
SRR4448433	1875560	79954	82	372	0
SRR4448434	2259066	87878	36	14	0
SRR4448435	5873294	434208	462	52	0
SRR4448436	2399070	125654	558	44	0
SRR4448437	4828742	399224	388	374	0
SRR4448438	3157694	146174	1648	736	0
SRR4448439	5051094	367764	466	3926	0
SRR4448440	2195556	87510	148	20	0
SRR4448441	3826426	165692	2126	202	0
SRR4448442	3794446	144288	70	3356	0
SRR4448443	1601658	69854	108	44	0
SRR4448444	2958978	123072	196	26	0
SRR4448445	2398726	93374	128	174	0
SRR4448446	2820710	137560	670	78	0
SRR4448447	1185338	42504	14	1160	0
SRR4448448	2097792	99068	1130	706	0
SRR4448449	5540546	231918	1346	312	0
SRR4448450	7475806	583990	712	90	0
SRR4448451	2354528	87276	32	24	0
SRR4448452	1972606	82624	462	2814	0
SRR4448453	2184188	85960	32	156	0
SRR4448454	3747466	159366	184	1768	0
SRR4448455	1333132	59748	310	6	0
SRR4448456	3653780	171432	1918	248	0
SRR4448457	1720020	59124	296	636	0
SRR4448458	3255476	125498	624	492	0
SRR4448459	676058	22604	10	234	0
SRR4448460	1431346	65440	680	268	0
SRR4448461	2695944	117882	46	58	0
SRR4448462	5333488	453126	372	878	0
SRR4448463	2228508	98738	38	76	0
SRR4448464	1980864	90610	1062	1638	0
SRR4448465	2589830	111554	120	578	0
SRR4448466	2589306	101322	174	54	0
SRR4448467	6975638	573954	564	1180	0
SRR4448468	2235750	89286	164	20	0
SRR4448469	1708106	77614	100	16	0
SRR4448470	1468656	72200	378	102	0
SRR4448471	4075616	158380	68	290	0
SRR4448472	2330952	94566	44	44	0
SRR4448473	1736350	91102	428	26	0
SRR4448474	1445200	68632	104	36	0
SRR4448475	8325336	757568	716	178	0
SRR4448476	2629136	116858	464	52	0
SRR4448477	590078	20800	0	992	0
SRR4448478	1350498	48750	238	846	0
SRR4448479	2851836	129386	1596	186	0
SRR4448480	2026710	93162	1122	1794	0
SRR4448481	1216652	50740	34	74	0
SRR4448482	1485322	77690	366	46	0
SRR4448483	2190542	113552	556	58	0
SRR4448484	2792596	130834	136	34	0
SRR4448485	2482432	122606	614	236	0
SRR4448486	2091820	88486	1110	476	0
SRR4448487	3109258	141884	732	272	0
SRR4448488	2750588	113056	186	0	0
SRR4448489	3926752	195140	970	548	0
SRR4448490	1759894	67644	112	254	0
SRR4448491	2255566	96556	450	132	0
SRR4448492	2899008	104680	46	472	0
SRR4448493	2065188	75226	126	22	0
SRR4448494	669246	28122	366	48	0
SRR4448495	1954278	83320	84	724	0
SRR4448496	2056994	91806	502	5654	0
SRR4448497	2334920	88180	44	82	0
SRR4448498	4918858	219726	1258	94	0
SRR4448499	1995440	71930	380	772	0
SRR4448500	1666818	55770	344	1050	0
SRR4448501	1394668	50916	258	294	0
SRR4448502	1974288	74182	384	2018	0
SRR4448503	3440162	146788	1918	2006	0
SRR4448504	3145014	134106	50	790	0
SRR4448505	1290416	40904	98	154	0
SRR4448506	2081078	75874	434	120	0
SRR4448507	1786892	77700	280	84	0
SRR4448508	6399814	507324	568	154	0
SRR4448509	1619542	55128	120	70	0
SRR4448510	40664688	2469484	20416	624	0
SRR4448511	2233728	95252	140	418	0
SRR4448512	6545558	510928	588	56	0
SRR4448513	1036824	46464	34	36	0
SRR4448514	1790246	78914	78	212	0
SRR4448515	5191610	435006	434	1270	0
SRR4448516	1095390	50606	72	24	0
SRR4448517	2104644	97308	1182	112	0
SRR4448518	2035410	87016	112	78	0
SRR4448519	1886862	82508	1040	1154	0
SRR4448520	3704264	197972	932	100	0
SRR4448521	2532786	102426	1318	3584	0
SRR4448522	1353542	62790	714	44	0
SRR4448523	1285552	49444	678	46	0
SRR4448524	2158942	87568	432	196	0
SRR4448525	1425308	62478	72	8	0
SRR4448526	1230054	49038	86	26	0
SRR4448527	1784132	78060	116	22	0
SRR4448528	724046	32542	18	418	0
SRR4448529	1650212	71672	70	10	0
SRR4448530	1017852	44402	544	244	0
SRR4448531	2119476	85814	350	304	0
SRR4448532	1761434	65538	330	50	0
SRR4448533	1217828	47178	688	910	0
SRR4448534	2523348	109260	484	138	0
SRR4448535	2788836	137434	690	44	0
SRR4448536	1080936	49238	12	168	0
SRR4448537	1476824	66480	864	28	0
SRR4448550	2050780	84348	126	104	0
SRR4448551	7457752	644774	670	2166	0
SRR4448552	1773120	84702	916	24	0
SRR4448553	2458478	109312	622	72	0
SRR4448554	1839166	83324	126	4	0
SRR4448555	4210932	177942	62	244	0
SRR4448556	1965172	81164	468	1596	0
SRR4448557	1480328	71996	880	50	0
SRR4448558	1797516	64080	342	132	0
SRR4448559	3316712	139096	650	206	0
SRR4448560	1732094	68948	348	192	0
SRR4448561	3304806	147380	642	0	0
SRR4448562	3619870	160756	714	0	0
SRR4448563	3762486	151350	726	0	0
SRR4448564	3978602	187464	840	0	0
SRR4448565	3570174	165322	708	0	0
SRR4448566	2866616	127314	774	0	0
SRR4448567	2917010	137180	588	0	0
SRR4448568	3076310	140248	584	0	0
SRR4448569	3625046	185994	750	0	0
SRR4448570	5045106	260614	1054	0	0
SRR4448571	3919458	177304	814	158	0
SRR4448572	2311794	82794	188	1954	0
SRR4448573	2190864	92838	1158	160	0
SRR4448574	1800838	90150	396	14	0
SRR4448575	2114652	84434	114	8	0
SRR4448576	2318274	87086	412	76	0
SRR4448577	2727792	133084	634	90	0
SRR4448578	2847940	130146	702	36	0
SRR4448579	2019394	71290	126	94	0
SRR4448580	1075398	37410	562	588	0
SRR4448581	1315484	62128	882	0	0
SRR4448582	165368	9406	390	0	0
SRR4448583	2363178	108972	588	0	0
SRR4448584	1203304	58218	714	0	0
SRR4448585	6022728	316366	2666	0	0
SRR4448586	1445960	69280	1200	0	0
SRR4448587	905094	42018	492	0	0
SRR4448588	4368576	228144	2254	0	0
SRR4448589	3662288	175660	802	0	0
SRR4448590	6516630	312600	1394	0	0
SRR4448591	1726860	82144	426	10	0
SRR4448592	4506158	208136	950	0	0
SRR4448593	3631104	166258	718	0	0
SRR4448594	4050746	176082	848	0	0
SRR4448595	2852354	125568	770	0	0
SRR4448596	336714	13316	78	0	0
SRR4448597	4324246	203588	962	0	0
SRR4448598	3078750	138994	564	0	0
SRR4448599	4157748	202218	896	0	0
SRR4448600	2686866	146242	566	0	0
SRR4448601	3776140	185766	716	0	0
SRR4448602	1767582	76680	82	182	0
SRR4448603	3801190	192186	862	0	0
SRR4448604	5078448	246940	1050	0	0
SRR4448605	4969628	232546	1106	0	0
SRR4448606	4566090	225206	928	0	0
SRR4448607	3784618	167576	720	0	0
SRR4448608	5405658	261958	1108	0	0
SRR4448609	5079314	226056	1034	0	0
SRR4448610	4597752	206290	1036	0	0
SRR4448611	3395960	149976	158	88	0
SRR4448612	6947062	563060	576	224	0
SRR4448613	1312968	68092	300	14	0
SRR4448614	5524866	276378	2008	0	0
SRR4448615	3429306	198850	824	0	0
SRR4448616	2300464	81756	180	16	0
SRR4448617	1009286	37872	54	66	0
SRR4448618	3789724	171210	646	0	0
SRR4448619	5314608	214352	340	0	0
SRR4448620	1699742	69130	64	0	0
SRR4448621	1834366	76012	88	0	0
SRR4448622	3223798	145250	254	0	0
SRR4448623	3923530	176992	100	0	0
SRR4448624	4424518	230518	2478	0	0
SRR4448625	3807958	166494	874	0	0
SRR4448626	4056850	193016	810	0	0
SRR4448627	3712266	124546	768	0	0
SRR4448628	2850008	120024	1332	0	0
SRR4448629	5309094	227418	882	0	0
SRR4448630	3066116	128744	102	0	0
SRR4448631	2456472	109940	302	0	0
SRR4448632	2216560	101984	1540	0	0
SRR4448633	4047814	161704	216	0	0
SRR4448634	8169414	685562	770	64	0
SRR4448635	3031322	127358	54	1786	0
SRR4448636	2158952	93718	1096	252	0
SRR4448637	2612486	123886	136	28	0
SRR4448638	1586668	69024	810	622	0
SRR4448639	2146928	90902	90	216	0
SRR4448640	1654584	71346	80	102	0
SRR4448641	3319736	155226	62	2982	0
SRR4448642	2011180	80694	342	722	0
SRR4448643	1661570	71998	72	8	0
SRR4448644	1884078	84184	1104	148	0
SRR4448645	2016920	76488	336	212	0
SRR4448646	1915366	75722	118	6	0
SRR4448647	2550648	95154	522	888	0
SRR4448648	1116532	35164	36	1382	0
SRR4448649	1786106	88860	400	396	0
SRR4448650	3457104	146116	1834	284	0
SRR4448651	1285966	67708	304	144	0
SRR4448652	3394398	159276	850	752	0
SRR4448653	1430158	62920	24	6	0
SRR4448654	2871746	133542	130	100	0
SRR4448655	252514	8460	4	12814	0
SRR4448656	1776518	87700	924	42	0
SRR4448657	1674654	74960	28	44	0
SRR4448658	976858	39684	14	150	0
SRR4448659	2126302	85286	68	18	0
SRR4448660	1581110	62516	40	64	0
SRR4448661	1842340	64152	144	38	0
SRR4448662	2015454	82866	1072	474	0
SRR4448663	2273928	82060	148	8	0
SRR4448664	1080132	43838	198	676	0
SRR4448665	2772318	125586	136	62	0
SRR4448666	1275866	46664	250	242	0
SRR4448667	6716254	517460	634	4642	0
SRR4448668	2162250	81172	396	254	0
SRR4448669	1394016	64538	74	10	0
SRR4448670	4496248	211644	1082	526	0
SRR4448671	2115262	84968	454	224	0
SRR4448672	1914866	87556	90	46	0
SRR4448673	5834276	270572	1308	0	0
SRR4448674	4468386	213086	962	0	0
SRR4448675	3092860	176912	1084	0	0
SRR4448676	1877954	96208	990	0	0
SRR4448677	3280180	127504	622	0	0
SRR4448678	3047274	137192	998	0	0
SRR4448679	3188942	157954	784	0	0
SRR4448680	183338	10810	42	0	0
SRR4448681	2425992	84712	180	48	0
SRR4448682	2710444	105768	526	372	0
SRR4448683	1747612	66930	326	42	0
SRR4448684	3185812	129850	218	54	0
SRR4448685	1263948	44154	258	298	0
SRR4448686	2563578	100872	478	82	0
SRR4448687	3361296	163962	678	0	0
SRR4448688	4796406	189764	960	0	0
SRR4448689	2215104	96516	406	78	0
SRR4448690	2734768	113196	56	34	0
SRR4448691	1042360	44550	12	378	0
SRR4448692	42412094	2834570	21082	230	0
SRR4448693	2130964	79284	390	210	0
SRR4448694	2395010	102422	1302	78	0
SRR4448695	2084152	108108	480	36	0
SRR4448696	1486488	62876	262	66	0
SRR4448697	2176554	98890	104	164	0
SRR4448698	3057820	125930	58	76	0
SRR4448699	1997938	83314	382	84	0
SRR4448700	2108530	74982	144	22	0
SRR4448701	1481610	72940	876	0	0
SRR4448702	497640	21006	1464	0	0
SRR4448703	4463022	239804	962	0	0
SRR4448704	3543786	155620	2148	0	0
SRR4448705	3354574	128698	680	0	0
SRR4448706	2772332	130902	590	0	0
SRR4448707	1163804	61000	922	0	0
SRR4448708	4923088	260810	1124	0	0
SRR4448709	3830038	207466	880	0	0
SRR4448710	1214218	55766	948	0	0
SRR4448711	2064554	80274	162	6	0
SRR4448712	991516	43594	566	588	0
SRR4448713	1962278	70884	130	18	0
SRR4448714	1542318	66788	74	200	0
SRR4448715	2274884	97562	1212	186	0
SRR4448716	1597952	72204	92	98	0
SRR4448717	2080944	104310	544	94	0
SRR4448718	3092960	145700	170	16	0
SRR4448719	1918196	81328	318	58	0
SRR4448720	3043770	133568	152	24	0
SRR4448721	1646960	66294	88	76	0
SRR4448722	667758	26054	332	1510	0
SRR4448723	6165766	282840	1492	558	0
SRR4448724	4025130	188110	908	0	0
SRR4448725	5119016	246628	1104	0	0
SRR4448726	3580974	129362	794	0	0
SRR4448727	3130946	118418	662	0	0
SRR4448728	3592576	175742	652	0	0
SRR4448729	3327342	153522	774	0	0
SRR4448730	3144048	163354	656	0	0
SRR4448731	3626760	192318	748	0	0
SRR4448732	5073496	251380	1054	0	0
SRR4448733	4603526	224784	972	0	0
SRR4448734	2533512	117862	1346	202	0
SRR4448735	2546396	90588	160	24	0
SRR4448736	2832538	125812	142	48	0
SRR4448737	1919318	63942	134	10	0
SRR4448738	3676370	170192	906	216	0
SRR4448739	6604696	531378	564	56	0
SRR4448740	1650680	60704	312	676	0
SRR4448741	2003840	74226	134	190	0
SRR4448742	1330336	56758	22	184	0
SRR4448743	2213210	98934	1248	62	0
SRR4448744	21547080	1377576	8358	1140	0
SRR4448745	14826636	923030	5694	5624	0
SRR4448746	19396464	1262860	7426	434	0
SRR4448747	7279410	259428	1584	5396	0
SRR4448748	19674364	697564	4434	1072	0
SRR4448749	5697748	210378	1420	21622	0
SRR4448750	2626490	88850	554	53192	0
SRR4448751	3715538	146518	858	13344	0
SRR4448752	1978892	96532	92	36	0
SRR4448753	1960338	82906	102	26	0
SRR4448754	3011216	112194	674	12158	0
SRR4448755	1047042	43506	252	6268	0
SRR4448756	2080970	95158	112	18	0
SRR4448757	1334588	47880	84	68	0
SRR4448758	1552020	67358	76	24	0
SRR4448759	2383952	99322	116	8	0
SRR4448760	2408468	101966	122	28	0
SRR4448761	1430938	63894	64	34	0
SRR4448762	1895310	80512	86	42	0
SRR4448763	1679662	79422	66	10	0
SRR4448764	702730	36478	30	444	0
SRR4448765	162800	8384	14	864	0
SRR4448766	2615492	110952	104	132	0
SRR4448767	419042	19674	22	1376	0
SRR4448768	1395780	57118	78	824	0
SRR4448769	1259268	63428	80	258	0
SRR4448770	2786184	131422	112	178	0
SRR4448771	2289298	98148	118	148	0
SRR4448772	1688260	75302	70	56	0
SRR4448773	12556732	800340	4722	6090	0
SRR4448774	1445666	62384	60	780	0
SRR4448775	1459626	62408	66	124	0
SRR4448776	1508374	60734	70	36	0
SRR4448777	1600478	78418	94	440	0
SRR4448778	1818864	73784	116	104	0
SRR4448779	923988	42184	32	804	0
SRR4448780	685228	27702	152	5586	0
SRR4448781	790046	35784	48	406	0
SRR4448782	13434178	764132	5222	2602	0
SRR4448783	1536614	69106	68	94	0
SRR4448784	17805566	670964	4312	414	0
SRR4448785	34932886	2299500	13380	5670	0
SRR4448786	1484948	67484	74	264	0
SRR4448787	22005212	1350336	8648	1914	0
SRR4448788	13389728	874080	5218	1414	0
SRR4448789	16538462	923500	6482	14454	0
SRR4448790	11240110	408480	2716	2846	0
SRR4448791	13510540	788816	5232	10166	0
SRR4448792	1212614	52528	56	2924	0
SRR4448793	17363336	1076032	6868	182	0
SRR4448794	504486	24494	26	692	0
SRR4448795	2446392	108348	144	92	0
SRR4448796	1049644	46740	52	14	0
SRR4448797	38900290	2435936	19424	384	0
SRR4448798	33008076	2199458	16378	3186	0
SRR4448799	2799598	119656	130	126	0
SRR4448800	28567848	1899250	14044	708	0
SRR4448801	38738242	2348630	19490	6446	0
SRR4448802	2228534	84430	500	3692	0
SRR4448803	8797012	354288	2092	5066	0
SRR4448804	12416366	667776	4630	37182	0
SRR4448805	1889434	81544	116	248	0
SRR4448806	5405776	219608	1230	3144	0
SRR4448807	3385346	128840	736	22864	0
SRR4448808	4861796	190442	1128	5976	0
SRR4448809	2117730	69714	512	42230	0
SRR4448810	883160	41584	34	4170	0
SRR4448811	1260698	57918	56	152	0
SRR4448812	1661202	70002	84	42	0
SRR4448813	2463564	112412	128	158	0
SRR4448814	2635932	110524	148	62	0
SRR4448815	772098	33616	44	860	0
SRR4448816	1319344	57138	60	444	0
SRR4448817	1523290	69290	74	368	0
SRR4448818	2162994	107846	116	72	0
SRR4448819	2111808	98756	102	174	0
SRR4448820	2557352	110752	132	74	0
SRR4448821	932438	40014	64	712	0
SRR4448822	2559274	112526	120	16	0
SRR4448823	2066222	89188	96	6	0
SRR4448824	25618274	1481214	12512	12538	0
SRR4448825	4067746	148540	910	2742	0
SRR4448826	5413972	216354	1384	10814	0
SRR4448827	18913882	650306	4266	146	0
SRR4448828	1257402	51898	260	3850	0
SRR4450086	3015016	123782	130	0	0
SRR4450087	3740528	167778	68	0	0
SRR4450088	4771254	208232	194	0	0
SRR4450089	3871592	163210	44	0	0
SRR4450090	6024482	251008	56	0	0
SRR4450091	2862672	124034	88	0	0
SRR4450092	4440198	189978	60	0	0
SRR4450093	2887732	122572	26	0	0
SRR4450094	3215628	148130	38	0	0
SRR4450095	3613462	152418	46	0	0
SRR4450096	3924514	161166	64	0	0
SRR4450097	6939864	309154	96	0	0
SRR4450098	1804144	89618	198	0	0
SRR4450099	6015586	279950	108	0	0
SRR4450100	2194042	98862	34	0	0
SRR4450101	217184	11788	1412	0	0
SRR4450102	659762	33548	766	0	0
SRR4450103	257496	14068	704	0	0
SRR4450104	4924292	224130	136	0	0
SRR4450105	3283266	144244	152	0	0
SRR4450106	3946268	172102	46	0	0
SRR4450107	3854974	180450	92	0	0
SRR4450108	3472768	160662	150	0	0
SRR4450109	2675886	121884	100	0	0
SRR4450110	4016670	187546	58	0	0
SRR4450111	3886754	178478	114	0	0
SRR4450112	4167418	177624	96	0	0
SRR4450113	3965288	185042	80	0	0
SRR4450114	4200586	179078	96	0	0
SRR4450115	3992374	166764	82	0	0
SRR4450116	6834222	311090	184	0	0
SRR4450117	3833926	161046	50	0	0
SRR4450118	3595044	158398	120	0	0
SRR4450119	4324664	177242	148	0	0
SRR4450120	3676372	152170	198	0	0
SRR4450121	3062332	146714	41214	0	0
SRR4450122	4151166	170960	414	0	0
SRR4450123	4512840	192590	60	0	0
SRR4450124	4808026	206984	98	0	0
SRR4450125	3639000	155866	54	0	0
SRR4450126	3875938	165892	86	0	0
SRR4450127	4324948	190106	84	0	0
SRR4450128	5409496	232684	70	0	0
SRR4450129	4434206	199954	112	0	0
SRR4450130	4035996	170558	38	0	0
SRR4450131	3371684	154002	114	0	0
SRR4450132	4950242	204506	92	0	0
SRR4450133	3983000	175196	68	0	0
SRR4450134	5346736	233516	96	0	0
SRR4450135	4247510	215164	2788	0	0
SRR4450136	4060226	192108	42	0	0
SRR4450137	4801148	244334	82	0	0
SRR4450138	175398	9482	202	0	0
SRR4450139	5076828	230060	78	0	0
SRR4450140	1168576	62158	130	0	0
SRR4450141	234262	12020	384	0	0
SRR4450142	667816	35416	252	0	0
SRR4450143	4685140	206414	300	0	0
SRR4450144	5136654	231994	172	0	0
SRR4450145	4993512	225682	118	0	0
SRR4450146	3145178	140866	1848	0	0
SRR4450147	2844502	113406	170	0	0
SRR4450148	2433346	106266	140	0	0
SRR4450149	3069484	140388	208	0	0
SRR4450150	3037330	139580	296	0	0
SRR4450151	3872500	154980	142	0	0
SRR4450152	3036528	132400	46	0	0
SRR4450153	3821556	166802	212	0	0
SRR4450154	3330382	154224	60	0	0
SRR4450155	3481518	149942	62	0	0
SRR4450156	3433384	157388	142	0	0
SRR4450157	3313278	143938	270	0	0
SRR4450158	3763522	172048	82	0	0
SRR4450159	4276696	178732	248	0	0
SRR4451087	3756356	163932	68	174	0
SRR4451088	3350842	175060	804	58	0
SRR4451089	1709234	65146	344	194	0
SRR4451090	1558968	67472	76	524	0
SRR4451091	1424664	56670	84	38	0
SRR4451092	1867686	62744	108	16	0
SRR4451093	2723988	112318	496	146	0
SRR4451094	3155066	153284	802	430	0
SRR4451095	7943334	664300	666	128	0
SRR4451096	1788960	65910	358	272	0
SRR4451097	2312010	96872	34	4234	0
SRR4451098	4350390	205384	2292	378	0
SRR4451099	1565314	66762	86	680	0
SRR4451100	2107698	71452	146	2	0
SRR4451101	1765570	77340	34	48	0
SRR4451102	1916166	77290	32	188	0
SRR4451103	3741250	159460	232	174	0
SRR4451104	1115428	39154	66	492	0
SRR4451105	2004684	70598	30	36	0
SRR4451106	2111764	73804	148	48	0
SRR4451107	2632260	116186	1352	202	0
SRR4451108	2214376	110154	500	76	0
SRR4451109	2324378	88512	478	978	0
SRR4451110	2471948	101824	108	518	0
SRR4451111	2663498	109592	164	10	0
SRR4451112	1673816	57610	118	28	0
SRR4451113	1865148	69674	344	484	0
SRR4451114	2916026	119424	60	40	0
SRR4451115	2005430	79190	140	6	0
SRR4451116	1991824	76104	152	180	0
SRR4451117	6976926	580282	584	1652	0
SRR4451118	1410624	62484	62	456	0
SRR4451119	1503122	60302	18	46	0
SRR4451120	2454974	95606	150	18	0
SRR4451121	1832478	75766	70	278	0
SRR4451122	2849706	129478	1522	158	0
SRR4451123	2578068	93274	208	22	0
SRR4451124	7084818	281992	1700	2422	0
SRR4451125	4755550	147238	68	78	0
SRR4451126	4325366	173886	2338	566	0
SRR4451127	2011192	85802	84	18	0
SRR4451128	2241116	83596	36	474	0
SRR4451129	2059016	86214	30	90	0
SRR4451130	2383650	100544	1304	122	0
SRR4451131	3438620	172348	842	62	0
SRR4451132	2217460	92738	46	288	0
SRR4451133	1075106	47676	234	754	0
SRR4451134	1894214	85918	958	100	0
SRR4451135	1372170	61832	262	626	0
SRR4451136	4901564	236900	1188	42	0
SRR4451137	1927262	74278	124	2	0
SRR4451138	1596980	63722	116	8	0
SRR4451139	1571734	54630	88	36	0
SRR4451140	2081766	85150	98	48	0
SRR4451141	2409292	113540	1304	202	0
SRR4451142	1811418	82712	88	182	0
SRR4451143	4167610	164778	70	408	0
SRR4451144	2351514	79926	170	6	0
SRR4451145	1072672	45244	8	1232	0
SRR4451146	1913588	77118	22	228	0
SRR4451147	5202270	417852	446	808	0
SRR4451148	1910098	79596	134	4	0
SRR4451149	7034220	597174	622	86	0
SRR4451150	6976674	581820	622	7322	0
SRR4451151	2097826	77566	48	158	0
SRR4451152	3413022	143260	162	452	0
SRR4451153	4303226	212342	1006	54	0
SRR4451154	6827240	553608	492	68	0
SRR4451155	2370430	101314	146	8	0
SRR4451156	2063938	87128	114	28	0
SRR4451157	457714	25746	2	281294	0
SRR4451158	2078148	88290	1216	424	0
SRR4451159	1526910	64170	272	52	0
SRR4451160	2861338	121238	1514	818	0
SRR4451161	4459016	224980	1102	52	0
SRR4451162	2119596	108328	28	24	0
SRR4451163	849898	37198	178	322	0
SRR4451164	5046360	239540	1168	314	0
SRR4451165	1271720	55460	68	104	0
SRR4451166	2185482	80868	412	296	0
SRR4451167	1669482	74276	906	52	0
SRR4451168	9163970	809364	828	94	0
SRR4451169	2164560	102902	1188	102	0
SRR4451170	2525722	108816	124	14	0
SRR4451171	1246432	50280	30	5276	0
SRR4451172	1305098	50556	50	60	0
SRR4451173	2056806	81114	102	226	0
SRR4451174	2158900	95050	102	12	0
SRR4451175	3686872	152276	80	400	0
SRR4451176	1782104	90308	430	42	0
SRR4451177	3817940	150726	202	92	0
SRR4451178	1649938	66586	848	402	0
SRR4451179	3568584	135442	74	172	0
SRR4451180	1993040	62490	140	326	0
SRR4451181	4277116	195804	1128	158	0
SRR4451182	7004892	599538	588	170	0
SRR4451183	1502954	62836	18	34	0
SRR4451184	1744002	77574	888	2498	0
SRR4451185	3013508	116156	562	386	0
SRR4451186	2687470	125976	144	28	0
SRR4451187	892312	36510	12	28	0
SRR4451188	1705838	69748	314	220	0
SRR4451189	7362150	597848	584	1956	0
SRR4451190	1480986	49570	116	266	0
SRR4451191	2447994	94220	486	324	0
SRR4451192	6527792	496006	496	2082	0
SRR4451193	1427940	49746	86	1100	0
SRR4451194	3022246	156450	772	92	0
SRR4451195	1619998	64006	126	40	0
SRR4451196	2558396	112062	32	300	0
SRR4451197	2898390	133956	1494	30	0
SRR4451198	2518522	87374	490	102	0
SRR4451199	3924998	182038	966	358	0
SRR4451200	1652618	70336	88	140	0
SRR4451201	4071726	187638	934	346	0
SRR4451202	7043696	577562	600	74	0
SRR4451203	3144380	132944	118	1616	0
SRR4451204	1783780	80532	950	140	0
SRR4451205	1873556	96268	480	58	0
SRR4451206	6657778	539590	538	140	0
SRR4451207	1512220	63402	292	258	0
SRR4451208	2406334	113724	508	480	0
SRR4451209	2300382	85460	150	282	0
SRR4451210	1685784	67134	98	10	0
SRR4451211	3047952	135914	56	12484	0
SRR4451212	1665886	77254	932	196	0
SRR4451213	2951818	121052	178	6	0
SRR4451214	864502	37824	14	12	0
SRR4451215	3218966	126342	600	222	0
SRR4451216	3872524	183832	958	34	0
SRR4451217	5480210	422474	492	3014	0
SRR4451218	1028728	38686	180	50	0
SRR4451219	1666248	63504	112	296	0
SRR4451220	2557110	102834	112	8	0
SRR4451221	1839584	81846	36	186	0
SRR4451222	1682432	69522	116	428	0
